2.000000000000000000e+01,0.000000000000000000e+00,1.000000000000000000e+00
1.974118095489748015e+01,0.000000000000000000e+00,9.659258262890683122e-01
1.950000000000000000e+01,0.000000000000000000e+00,8.660254037844387076e-01
1.929289321881345387e+01,0.000000000000000000e+00,7.071067811865475727e-01
1.913397459621556251e+01,0.000000000000000000e+00,5.000000000000001110e-01
1.903407417371093047e+01,0.000000000000000000e+00,2.588190451025209615e-01
1.900000000000000000e+01,0.000000000000000000e+00,6.123233995736766036e-17
1.903407417371093047e+01,0.000000000000000000e+00,-2.588190451025206285e-01
1.913397459621556251e+01,0.000000000000000000e+00,-4.999999999999997780e-01
1.929289321881345387e+01,0.000000000000000000e+00,-7.071067811865474617e-01
1.950000000000000000e+01,0.000000000000000000e+00,-8.660254037844384856e-01
1.974118095489748015e+01,0.000000000000000000e+00,-9.659258262890682012e-01
2.000000000000000000e+01,0.000000000000000000e+00,-1.000000000000000000e+00
2.025881904510251985e+01,0.000000000000000000e+00,-9.659258262890684232e-01
2.050000000000000000e+01,0.000000000000000000e+00,-8.660254037844388186e-01
2.070710678118654613e+01,0.000000000000000000e+00,-7.071067811865479058e-01
2.086602540378443749e+01,0.000000000000000000e+00,-5.000000000000004441e-01
2.096592582628906953e+01,0.000000000000000000e+00,-2.588190451025215166e-01
2.100000000000000000e+01,0.000000000000000000e+00,-1.836970198721029688e-16
2.096592582628906953e+01,0.000000000000000000e+00,2.588190451025202954e-01
2.086602540378443749e+01,0.000000000000000000e+00,4.999999999999993339e-01
2.070710678118654613e+01,0.000000000000000000e+00,7.071067811865473507e-01
2.050000000000000000e+01,0.000000000000000000e+00,8.660254037844383745e-01
2.025881904510251985e+01,0.000000000000000000e+00,9.659258262890680902e-01
2.000000000000000000e+01,0.000000000000000000e+00,1.000000000000000000e+00
1.995717846477207047e+01,1.308062584602861289e+00,1.374999999999999778e+00
1.960206423599005987e+01,1.284787168353525466e+00,1.328148011147468610e+00
1.927115045504553237e+01,1.263097933257137928e+00,1.190784930203603098e+00
1.898698834924897483e+01,1.244472964842361584e+00,9.722718241315027043e-01
1.876894309651034831e+01,1.230181523927448062e+00,6.875000000000000000e-01
1.863187412046696423e+01,1.221197548593025983e+00,3.558761870159662388e-01
1.858512244531899071e+01,1.218133281911414567e+00,8.419446744138052529e-17
1.863187412046696423e+01,1.221197548593025983e+00,-3.558761870159657947e-01
1.876894309651034831e+01,1.230181523927448062e+00,-6.874999999999995559e-01
1.898698834924897483e+01,1.244472964842361584e+00,-9.722718241315025933e-01
1.927115045504552882e+01,1.263097933257137928e+00,-1.190784930203602654e+00
1.960206423599005987e+01,1.284787168353525466e+00,-1.328148011147468610e+00
1.995717846477207047e+01,1.308062584602861289e+00,-1.374999999999999778e+00
2.031229269355408107e+01,1.331338000852197112e+00,-1.328148011147468832e+00
2.064320647449860857e+01,1.353027235948584650e+00,-1.190784930203603098e+00
2.092736858029516256e+01,1.371652204363360772e+00,-9.722718241315032595e-01
2.114541383303379263e+01,1.385943645278274516e+00,-6.875000000000004441e-01
2.128248280907717671e+01,1.394927620612696595e+00,-3.558761870159670160e-01
2.132923448422515023e+01,1.397991887294308011e+00,-2.525834023241415389e-16
2.128248280907717671e+01,1.394927620612696595e+00,3.558761870159653506e-01
2.114541383303379263e+01,1.385943645278274516e+00,6.874999999999990008e-01
2.092736858029516611e+01,1.371652204363360994e+00,9.722718241315024823e-01
2.064320647449861212e+01,1.353027235948584650e+00,1.190784930203602654e+00
2.031229269355408462e+01,1.331338000852197112e+00,1.328148011147468388e+00
1.995717846477207047e+01,1.308062584602861289e+00,1.374999999999999778e+00
1.982889722747620809e+01,2.610523844401031468e+00,1.750000000000000000e+00
1.937983880596420860e+01,2.551404181646323099e+00,1.690370196005869463e+00
1.896138297377412485e+01,2.496313426208486508e+00,1.515544456622767822e+00
1.860204680433874813e+01,2.449005922028831161e+00,1.237436867076458169e+00
1.832631846377400109e+01,2.412705597337854613e+00,8.750000000000002220e-01
1.815298838282674865e+01,2.389886259274123237e+00,4.529333289294116827e-01
1.809386872007203806e+01,2.382103008015941104e+00,1.071565949253934025e-16
1.815298838282674865e+01,2.389886259274123237e+00,-4.529333289294110720e-01
1.832631846377400109e+01,2.412705597337854613e+00,-8.749999999999995559e-01
1.860204680433874813e+01,2.449005922028831161e+00,-1.237436867076457947e+00
1.896138297377412485e+01,2.496313426208486064e+00,-1.515544456622767377e+00
1.937983880596420860e+01,2.551404181646323099e+00,-1.690370196005869463e+00
1.982889722747620809e+01,2.610523844401031468e+00,-1.750000000000000000e+00
2.027795564898820757e+01,2.669643507155739393e+00,-1.690370196005869685e+00
2.069641148117829133e+01,2.724734262593576428e+00,-1.515544456622767822e+00
2.105574765061366804e+01,2.772041766773231330e+00,-1.237436867076458835e+00
2.133147599117841509e+01,2.808342091464208323e+00,-8.750000000000007772e-01
2.150480607212566753e+01,2.831161429527939699e+00,-4.529333289294126264e-01
2.156392573488037812e+01,2.838944680786121832e+00,-3.214697847761802076e-16
2.150480607212566753e+01,2.831161429527939699e+00,4.529333289294105169e-01
2.133147599117841509e+01,2.808342091464208323e+00,8.749999999999988898e-01
2.105574765061366804e+01,2.772041766773231775e+00,1.237436867076457947e+00
2.069641148117829133e+01,2.724734262593576872e+00,1.515544456622767155e+00
2.027795564898820757e+01,2.669643507155739837e+00,1.690370196005869241e+00
1.982889722747620809e+01,2.610523844401031468e+00,1.750000000000000000e+00
1.961570560806460861e+01,3.901806440322564740e+00,2.125000000000000000e+00
1.907628304989989232e+01,3.794508622260029718e+00,2.052592380864270094e+00
1.857362124763617572e+01,3.694522973180428327e+00,1.840303983041932323e+00
1.814197577240982540e+01,3.608663349834437817e+00,1.502601910021413634e+00
1.781076255002964359e+01,3.542780943663350612e+00,1.062500000000000222e+00
1.760255321424511266e+01,3.501365531771902795e+00,5.499904708428570155e-01
1.753153688720774284e+01,3.487239506038292358e+00,1.301187224094062675e-16
1.760255321424511266e+01,3.501365531771902795e+00,-5.499904708428563493e-01
1.781076255002964359e+01,3.542780943663350612e+00,-1.062499999999999556e+00
1.814197577240982540e+01,3.608663349834437817e+00,-1.502601910021413412e+00
1.857362124763617572e+01,3.694522973180428327e+00,-1.840303983041931879e+00
1.907628304989989232e+01,3.794508622260029718e+00,-2.052592380864270094e+00
1.961570560806460861e+01,3.901806440322564740e+00,-2.125000000000000000e+00
2.015512816622932490e+01,4.009104258385099762e+00,-2.052592380864270538e+00
2.065778996849304150e+01,4.109089907464700708e+00,-1.840303983041932545e+00
2.108943544371938827e+01,4.194949530810691662e+00,-1.502601910021414300e+00
2.142064866609957008e+01,4.260831936981778867e+00,-1.062500000000000888e+00
2.162885800188410457e+01,4.302247348873226684e+00,-5.499904708428582367e-01
2.169987432892147439e+01,4.316373374606837565e+00,-3.903561672282188271e-16
2.162885800188410812e+01,4.302247348873226684e+00,5.499904708428555722e-01
2.142064866609957363e+01,4.260831936981778867e+00,1.062499999999998668e+00
2.108943544371939183e+01,4.194949530810691662e+00,1.502601910021413190e+00
2.065778996849304150e+01,4.109089907464701596e+00,1.840303983041931435e+00
2.015512816622932490e+01,4.009104258385099762e+00,2.052592380864269650e+00
1.961570560806460861e+01,3.901806440322564740e+00,2.125000000000000000e+00
1.931851652578136580e+01,5.176380902050414790e+00,2.500000000000000000e+00
1.869351652578136580e+01,5.008912656780963424e+00,2.414814565722670725e+00
1.811110924292002977e+01,4.852857095672264087e+00,2.165063509461096825e+00
1.761098477105081628e+01,4.718849147319866155e+00,1.767766952966368876e+00
1.722722576643684533e+01,4.616021231945381054e+00,1.250000000000000222e+00
1.698598477105081628e+01,4.551380902050414790e+00,6.470476127563024038e-01
1.690370196005869374e+01,4.529333289294113385e+00,1.530808498934191571e-16
1.698598477105081628e+01,4.551380902050414790e+00,-6.470476127563016266e-01
1.722722576643684533e+01,4.616021231945381054e+00,-1.249999999999999556e+00
1.761098477105081628e+01,4.718849147319866155e+00,-1.767766952966368654e+00
1.811110924292002977e+01,4.852857095672263199e+00,-2.165063509461096380e+00
1.869351652578136580e+01,5.008912656780962536e+00,-2.414814565722670281e+00
1.931851652578136580e+01,5.176380902050414790e+00,-2.500000000000000000e+00
1.994351652578136580e+01,5.343849147319866155e+00,-2.414814565722671169e+00
2.052592380864270183e+01,5.499904708428565492e+00,-2.165063509461097269e+00
2.102604828051191177e+01,5.633912656780962536e+00,-1.767766952966369765e+00
2.140980728512588627e+01,5.736740572155447637e+00,-1.250000000000001110e+00
2.165104828051191532e+01,5.801380902050414790e+00,-6.470476127563038471e-01
2.173333109150403786e+01,5.823428514806716194e+00,-4.592425496802573972e-16
2.165104828051191532e+01,5.801380902050414790e+00,6.470476127563007385e-01
2.140980728512588627e+01,5.736740572155448525e+00,1.249999999999998224e+00
2.102604828051191532e+01,5.633912656780963424e+00,1.767766952966368432e+00
2.052592380864270183e+01,5.499904708428566380e+00,2.165063509461095936e+00
1.994351652578136935e+01,5.343849147319867043e+00,2.414814565722670281e+00
1.931851652578136580e+01,5.176380902050414790e+00,2.500000000000000000e+00
1.893860258990211420e+01,6.428789306063230846e+00,2.875000000000000000e+00
1.823398737820476612e+01,6.189604671592647378e+00,2.777036750581071356e+00
1.757739052875290042e+01,5.966720074689936482e+00,2.489823035880261326e+00
1.701355803175906090e+01,5.775324732299806030e+00,2.032931995911324119e+00
1.658091414011612130e+01,5.628461920710385868e+00,1.437500000000000222e+00
1.630894282006171281e+01,5.536140097829222562e+00,7.441047546697477921e-01
1.621617846760368664e+01,5.504650843316641229e+00,1.760429773774320220e-16
1.630894282006171281e+01,5.536140097829221673e+00,-7.441047546697467929e-01
1.658091414011612130e+01,5.628461920710384980e+00,-1.437499999999999334e+00
1.701355803175906090e+01,5.775324732299806030e+00,-2.032931995911324119e+00
1.757739052875290042e+01,5.966720074689935593e+00,-2.489823035880260438e+00
1.823398737820476612e+01,6.189604671592646490e+00,-2.777036750581070912e+00
1.893860258990211420e+01,6.428789306063230846e+00,-2.875000000000000000e+00
1.964321780159946229e+01,6.667973940533814314e+00,-2.777036750581071800e+00
2.029981465105132798e+01,6.890858537436525211e+00,-2.489823035880261770e+00
2.086364714804516751e+01,7.082253879826655663e+00,-2.032931995911325451e+00
2.129629103968810711e+01,7.229116691416075824e+00,-1.437500000000001332e+00
2.156826235974251560e+01,7.321438514297239131e+00,-7.441047546697493464e-01
2.166102671220054177e+01,7.352927768809820464e+00,-5.281289321322960167e-16
2.156826235974251560e+01,7.321438514297240019e+00,7.441047546697459047e-01
2.129629103968810711e+01,7.229116691416076712e+00,1.437499999999998002e+00
2.086364714804516751e+01,7.082253879826655663e+00,2.032931995911323675e+00
2.029981465105132798e+01,6.890858537436526099e+00,2.489823035880260438e+00
1.964321780159946229e+01,6.667973940533815203e+00,2.777036750581070912e+00
1.893860258990211420e+01,6.428789306063230846e+00,2.875000000000000000e+00
1.847759065022573566e+01,7.653668647301795858e+00,3.250000000000000000e+00
1.770045839044414748e+01,7.331769925542610977e+00,3.139258935439471987e+00
1.697628640989489668e+01,7.031808069708525011e+00,2.814582562299425827e+00
1.635442583230162228e+01,6.774224984564225949e+00,2.298097038856279806e+00
1.587725542835412185e+01,6.576574531686122604e+00,1.625000000000000444e+00
1.557729357252003766e+01,6.452326262805041068e+00,8.411618965831930694e-01
1.547498216956405415e+01,6.409947492115254164e+00,1.990051048614448869e-16
1.557729357252003588e+01,6.452326262805041068e+00,-8.411618965831920702e-01
1.587725542835412185e+01,6.576574531686122604e+00,-1.624999999999999334e+00
1.635442583230162228e+01,6.774224984564225949e+00,-2.298097038856279362e+00
1.697628640989489313e+01,7.031808069708525011e+00,-2.814582562299424939e+00
1.770045839044414748e+01,7.331769925542610977e+00,-3.139258935439471543e+00
1.847759065022573566e+01,7.653668647301795858e+00,-3.250000000000000000e+00
1.925472291000732028e+01,7.975567369060979850e+00,-3.139258935439472431e+00
1.997889489055657464e+01,8.275529224895066704e+00,-2.814582562299426272e+00
2.060075546814984548e+01,8.533112310039365767e+00,-2.298097038856280694e+00
2.107792587209734947e+01,8.730762762917468223e+00,-1.625000000000001332e+00
2.137788772793143366e+01,8.855011031798550647e+00,-8.411618965831949568e-01
2.148019913088741717e+01,8.897389802488337551e+00,-5.970153145843346361e-16
2.137788772793143366e+01,8.855011031798550647e+00,8.411618965831909600e-01
2.107792587209734947e+01,8.730762762917469999e+00,1.624999999999997780e+00
2.060075546814984904e+01,8.533112310039365767e+00,2.298097038856278918e+00
1.997889489055657819e+01,8.275529224895066704e+00,2.814582562299424495e+00
1.925472291000732383e+01,7.975567369060981626e+00,3.139258935439471099e+00
1.847759065022573566e+01,7.653668647301795858e+00,3.250000000000000000e+00
1.793745483065376334e+01,8.845773804380026917e+00,3.624999999999999556e+00
1.709599174943912203e+01,8.430810134704818992e+00,3.501481120297872174e+00
1.631187298662576524e+01,8.044125553358087544e+00,3.139342088718589885e+00
1.563853494008190381e+01,7.712071975532127865e+00,2.563262081801234604e+00
1.512186448493576663e+01,7.457278303811298414e+00,1.812500000000000222e+00
1.479707185886726251e+01,7.297108305856919941e+00,9.382190384966383467e-01
1.468629114259776891e+01,7.242477302336147282e+00,2.219672323454577519e-16
1.479707185886726251e+01,7.297108305856919941e+00,-9.382190384966371255e-01
1.512186448493576485e+01,7.457278303811298414e+00,-1.812499999999998890e+00
1.563853494008190381e+01,7.712071975532127865e+00,-2.563262081801234160e+00
1.631187298662576524e+01,8.044125553358085767e+00,-3.139342088718588997e+00
1.709599174943912203e+01,8.430810134704817216e+00,-3.501481120297871730e+00
1.793745483065376334e+01,8.845773804380026917e+00,-3.624999999999999556e+00
1.877891791186840464e+01,9.260737474055234841e+00,-3.501481120297872618e+00
1.956303667468176144e+01,9.647422055401966290e+00,-3.139342088718590329e+00
2.023637472122562286e+01,9.979475633227924192e+00,-2.563262081801235936e+00
2.075304517637176005e+01,1.023426930494875542e+01,-1.812500000000001332e+00
2.107783780244026417e+01,1.039443930290313389e+01,-9.382190384966403451e-01
2.118861851870975954e+01,1.044907030642390566e+01,-6.659016970363731569e-16
2.107783780244026417e+01,1.039443930290313389e+01,9.382190384966359042e-01
2.075304517637176360e+01,1.023426930494875720e+01,1.812499999999997335e+00
2.023637472122562286e+01,9.979475633227925968e+00,2.563262081801233716e+00
1.956303667468176144e+01,9.647422055401968066e+00,3.139342088718588553e+00
1.877891791186840820e+01,9.260737474055236618e+00,3.501481120297871286e+00
1.793745483065376334e+01,8.845773804380026917e+00,3.624999999999999556e+00
1.732050807568877460e+01,9.999999999999998224e+00,4.000000000000000000e+00
1.642393260352072204e+01,9.482361909794956745e+00,3.863703305156273249e+00
1.558845726811989785e+01,8.999999999999998224e+00,3.464101615137754830e+00
1.487101833290559583e+01,8.585786437626904188e+00,2.828427124746190291e+00
1.432050807568877460e+01,8.267949192431121475e+00,2.000000000000000444e+00
1.397444286073754327e+01,8.068148347421862709e+00,1.035276180410083846e+00
1.385640646055101932e+01,7.999999999999998224e+00,2.449293598294706414e-16
1.397444286073754327e+01,8.068148347421860933e+00,-1.035276180410082514e+00
1.432050807568877460e+01,8.267949192431121475e+00,-1.999999999999999112e+00
1.487101833290559583e+01,8.585786437626904188e+00,-2.828427124746189847e+00
1.558845726811989607e+01,8.999999999999998224e+00,-3.464101615137753942e+00
1.642393260352071849e+01,9.482361909794956745e+00,-3.863703305156272805e+00
1.732050807568877460e+01,9.999999999999998224e+00,-4.000000000000000000e+00
1.821708354785682715e+01,1.051763809020503970e+01,-3.863703305156273693e+00
1.905255888325764957e+01,1.099999999999999822e+01,-3.464101615137755275e+00
1.976999781847194981e+01,1.141421356237309226e+01,-2.828427124746191623e+00
2.032050807568877460e+01,1.173205080756887497e+01,-2.000000000000001776e+00
2.066657329064000592e+01,1.193185165257813374e+01,-1.035276180410086067e+00
2.078460969082652809e+01,1.199999999999999822e+01,-7.347880794884118750e-16
2.066657329064000592e+01,1.193185165257813551e+01,1.035276180410081182e+00
2.032050807568877815e+01,1.173205080756887675e+01,1.999999999999997335e+00
1.976999781847195337e+01,1.141421356237309404e+01,2.828427124746189403e+00
1.905255888325765312e+01,1.099999999999999822e+01,3.464101615137753498e+00
1.821708354785683071e+01,1.051763809020504148e+01,3.863703305156272361e+00
1.732050807568877460e+01,9.999999999999998224e+00,4.000000000000000000e+00
1.662939224605090516e+01,1.111140466039204355e+01,4.375000000000000000e+00
1.568789149754130818e+01,1.048231397265289999e+01,4.225925490014673436e+00
1.481055246913908796e+01,9.896094775661664400e+00,3.788861141556919332e+00
1.405716436575855788e+01,9.392696938920257921e+00,3.093592167691145534e+00
1.347906934161239434e+01,9.006426193098349131e+00,2.187500000000000444e+00
1.311566361724896090e+01,8.763606251181114359e+00,1.132333322323529234e+00
1.299171269222727076e+01,8.680784890931283471e+00,2.678914873134835310e-16
1.311566361724896090e+01,8.763606251181114359e+00,-1.132333322323527680e+00
1.347906934161239434e+01,9.006426193098349131e+00,-2.187499999999999112e+00
1.405716436575855788e+01,9.392696938920257921e+00,-3.093592167691145089e+00
1.481055246913908618e+01,9.896094775661662624e+00,-3.788861141556918444e+00
1.568789149754130641e+01,1.048231397265289999e+01,-4.225925490014673436e+00
1.662939224605090516e+01,1.111140466039204355e+01,-4.375000000000000000e+00
1.757089299456050213e+01,1.174049534813118534e+01,-4.225925490014674324e+00
1.844823202296272058e+01,1.232671454512242271e+01,-3.788861141556919776e+00
1.920162012634325066e+01,1.283011238186382919e+01,-3.093592167691147310e+00
1.977971515048941598e+01,1.321638312768573620e+01,-2.187500000000001776e+00
2.014312087485284763e+01,1.345920306960297097e+01,-1.132333322323531677e+00
2.026707179987453955e+01,1.354202442985280364e+01,-8.036744619404504944e-16
2.014312087485285119e+01,1.345920306960297275e+01,1.132333322323526348e+00
1.977971515048941598e+01,1.321638312768573797e+01,2.187499999999996891e+00
1.920162012634325421e+01,1.283011238186382919e+01,3.093592167691144645e+00
1.844823202296272413e+01,1.232671454512242448e+01,3.788861141556918000e+00
1.757089299456050568e+01,1.174049534813118889e+01,4.225925490014672548e+00
1.662939224605090516e+01,1.111140466039204355e+01,4.375000000000000000e+00
1.586706680582470597e+01,1.217522858017441045e+01,4.750000000000000000e+00
1.489172577450011126e+01,1.142682308435581540e+01,4.588147674873074067e+00
1.398285262263302187e+01,1.072942018627869842e+01,4.113620667976084277e+00
1.320238555353928334e+01,1.013054674093423380e+01,3.358757210636100776e+00
1.260351210819481693e+01,9.671014983937482157e+00,2.375000000000000444e+00
1.222704452221468863e+01,9.382141245115638739e+00,1.229390464236974623e+00
1.209863843944133777e+01,9.283611792382988170e+00,2.908536147974963713e-16
1.222704452221468685e+01,9.382141245115638739e+00,-1.229390464236973068e+00
1.260351210819481693e+01,9.671014983937482157e+00,-2.374999999999999112e+00
1.320238555353928334e+01,1.013054674093423380e+01,-3.358757210636100332e+00
1.398285262263302009e+01,1.072942018627869842e+01,-4.113620667976082501e+00
1.489172577450010948e+01,1.142682308435581540e+01,-4.588147674873074067e+00
1.586706680582470597e+01,1.217522858017441045e+01,-4.750000000000000000e+00
1.684240783714929890e+01,1.292363407599300373e+01,-4.588147674873074955e+00
1.775128098901639007e+01,1.362103697407012071e+01,-4.113620667976084277e+00
1.853174805811012860e+01,1.421991041941458533e+01,-3.358757210636102553e+00
1.913062150345459500e+01,1.467944217641133875e+01,-2.375000000000002220e+00
1.950708908943472153e+01,1.496831591523318039e+01,-1.229390464236977287e+00
1.963549517220807417e+01,1.506684536796583274e+01,-8.725608443924891139e-16
1.950708908943472508e+01,1.496831591523318217e+01,1.229390464236971514e+00
1.913062150345459500e+01,1.467944217641134053e+01,2.374999999999996891e+00
1.853174805811012860e+01,1.421991041941458889e+01,3.358757210636099888e+00
1.775128098901639007e+01,1.362103697407012248e+01,4.113620667976082501e+00
1.684240783714930600e+01,1.292363407599300729e+01,4.588147674873073179e+00
1.586706680582470774e+01,1.217522858017441045e+01,4.750000000000000000e+00
1.503679614957954769e+01,1.318691630200137688e+01,5.125000000000000000e+00
1.403952003674046622e+01,1.231232862393659389e+01,4.950369859731474698e+00
1.311020664291466886e+01,1.149734265080745033e+01,4.438380194395248779e+00
1.231218714012838511e+01,1.079749832985469737e+01,3.623922253581056463e+00
1.169984523870691895e+01,1.026048889500384043e+01,2.562500000000000444e+00
1.131491102728930365e+01,9.922910651789914382e+00,1.326447606150420011e+00
1.118361713624978826e+01,9.807768999613523775e+00,3.138157422815092609e-16
1.131491102728930365e+01,9.922910651789914382e+00,-1.326447606150418235e+00
1.169984523870691717e+01,1.026048889500384043e+01,-2.562499999999998668e+00
1.231218714012838511e+01,1.079749832985469737e+01,-3.623922253581055575e+00
1.311020664291466709e+01,1.149734265080745033e+01,-4.438380194395247003e+00
1.403952003674046622e+01,1.231232862393659389e+01,-4.950369859731474698e+00
1.503679614957954769e+01,1.318691630200137688e+01,-5.125000000000000000e+00
1.603407226241862915e+01,1.406150398006615809e+01,-4.950369859731475586e+00
1.696338565624442651e+01,1.487648995319530165e+01,-4.438380194395248779e+00
1.776140515903070849e+01,1.557633427414805460e+01,-3.623922253581057795e+00
1.837374706045217465e+01,1.611334370899891155e+01,-2.562500000000002220e+00
1.875868127186978995e+01,1.645092195221283760e+01,-1.326447606150422676e+00
1.888997516290930534e+01,1.656606360438922820e+01,-9.414472268445276347e-16
1.875868127186979351e+01,1.645092195221284115e+01,1.326447606150416458e+00
1.837374706045217820e+01,1.611334370899891510e+01,2.562499999999996447e+00
1.776140515903071204e+01,1.557633427414805638e+01,3.623922253581055131e+00
1.696338565624443007e+01,1.487648995319530520e+01,4.438380194395247003e+00
1.603407226241863270e+01,1.406150398006616342e+01,4.950369859731473809e+00
1.503679614957954946e+01,1.318691630200137688e+01,5.125000000000000000e+00
1.414213562373095101e+01,1.414213562373095101e+01,5.500000000000000888e+00
1.313556576332374526e+01,1.313556576332374526e+01,5.312592044589876217e+00
1.219759197546794560e+01,1.219759197546794560e+01,4.763139720814413280e+00
1.139213562373095101e+01,1.139213562373095101e+01,3.889087296526012150e+00
1.077408722740408109e+01,1.077408722740408109e+01,2.750000000000000888e+00
1.038556576332374526e+01,1.038556576332374526e+01,1.423504748063865621e+00
1.025304832720494019e+01,1.025304832720494019e+01,3.367778697655221998e-16
1.038556576332374348e+01,1.038556576332374348e+01,-1.423504748063863623e+00
1.077408722740408109e+01,1.077408722740408109e+01,-2.749999999999999112e+00
1.139213562373095101e+01,1.139213562373095101e+01,-3.889087296526011706e+00
1.219759197546794383e+01,1.219759197546794383e+01,-4.763139720814412392e+00
1.313556576332374348e+01,1.313556576332374348e+01,-5.312592044589876217e+00
1.414213562373095101e+01,1.414213562373095101e+01,-5.500000000000000888e+00
1.514870548413815499e+01,1.514870548413815499e+01,-5.312592044589877105e+00
1.608667927199395464e+01,1.608667927199395464e+01,-4.763139720814414169e+00
1.689213562373095101e+01,1.689213562373095101e+01,-3.889087296526013926e+00
1.751018402005782093e+01,1.751018402005782093e+01,-2.750000000000003109e+00
1.789870548413815499e+01,1.789870548413815499e+01,-1.423504748063868508e+00
1.803122292025696183e+01,1.803122292025696183e+01,-1.010333609296566550e-15
1.789870548413815854e+01,1.789870548413815854e+01,1.423504748063861847e+00
1.751018402005782093e+01,1.751018402005782093e+01,2.749999999999996891e+00
1.689213562373095101e+01,1.689213562373095101e+01,3.889087296526011261e+00
1.608667927199395820e+01,1.608667927199395820e+01,4.763139720814411504e+00
1.514870548413816032e+01,1.514870548413816032e+01,5.312592044589875329e+00
1.414213562373095279e+01,1.414213562373095279e+01,5.500000000000000888e+00
1.318691630200138221e+01,1.503679614957954591e+01,5.875000000000000000e+00
1.218434018324419199e+01,1.389357719095913524e+01,5.674814229448275960e+00
1.125008797014492856e+01,1.282826671511005046e+01,5.087899247233577782e+00
1.044782740710152780e+01,1.191346387045260258e+01,4.154252339470967392e+00
9.832231225687131371e+00,1.121151095906702011e+01,2.937500000000000444e+00
9.445251288344337581e+00,1.077024491183219368e+01,1.520561889977310566e+00
9.313259638288476694e+00,1.061973728064055322e+01,3.597399972495349907e-16
9.445251288344337581e+00,1.077024491183219368e+01,-1.520561889977308789e+00
9.832231225687131371e+00,1.121151095906702011e+01,-2.937499999999998668e+00
1.044782740710152780e+01,1.191346387045260258e+01,-4.154252339470966504e+00
1.125008797014492856e+01,1.282826671511004868e+01,-5.087899247233576006e+00
1.218434018324419021e+01,1.389357719095913524e+01,-5.674814229448275960e+00
1.318691630200138221e+01,1.503679614957954591e+01,-5.875000000000000000e+00
1.418949242075857065e+01,1.618001510819995303e+01,-5.674814229448276848e+00
1.512374463385783407e+01,1.724532558404904137e+01,-5.087899247233577782e+00
1.592600519690123484e+01,1.816012842870648569e+01,-4.154252339470969169e+00
1.654160137831563304e+01,1.886208134009207171e+01,-2.937500000000002665e+00
1.692858131565842683e+01,1.930334738732689814e+01,-1.520561889977313896e+00
1.706057296571428950e+01,1.945385501851853860e+01,-1.079219991748604874e-15
1.692858131565842683e+01,1.930334738732690170e+01,1.520561889977306791e+00
1.654160137831563304e+01,1.886208134009207527e+01,2.937499999999996003e+00
1.592600519690123662e+01,1.816012842870648925e+01,4.154252339470965616e+00
1.512374463385783763e+01,1.724532558404904492e+01,5.087899247233575117e+00
1.418949242075857597e+01,1.618001510819996014e+01,5.674814229448275071e+00
1.318691630200138398e+01,1.503679614957954769e+01,5.875000000000000000e+00
1.217522858017441223e+01,1.586706680582470241e+01,6.250000000000000000e+00
1.119048450672889317e+01,1.458372334355549782e+01,6.037036414306676591e+00
1.027284911452215965e+01,1.338783761741459344e+01,5.412658773652742283e+00
9.484857739068916160e+00,1.236090726334388279e+01,4.419417382415922191e+00
8.880210690388979700e+00,1.157291588789063930e+01,3.125000000000000888e+00
8.500113665623397097e+00,1.107756380107467997e+01,1.617619031890755954e+00
8.370469648869907076e+00,1.090860842900448269e+01,3.827021247335478803e-16
8.500113665623397097e+00,1.107756380107467820e+01,-1.617619031890753956e+00
8.880210690388979700e+00,1.157291588789063930e+01,-3.124999999999998668e+00
9.484857739068916160e+00,1.236090726334388279e+01,-4.419417382415921303e+00
1.027284911452215965e+01,1.338783761741458989e+01,-5.412658773652740507e+00
1.119048450672889139e+01,1.458372334355549604e+01,-6.037036414306676591e+00
1.217522858017441223e+01,1.586706680582470241e+01,-6.250000000000000000e+00
1.315997265361992952e+01,1.715041026809390345e+01,-6.037036414306677479e+00
1.407760804582666303e+01,1.834629599423481139e+01,-5.412658773652742283e+00
1.486559942127990652e+01,1.937322634830551848e+01,-4.419417382415923967e+00
1.547024646995984476e+01,2.016121772375876375e+01,-3.125000000000002665e+00
1.585034349472542736e+01,2.065656981057472308e+01,-1.617619031890759507e+00
1.597998751147891738e+01,2.082552518264492392e+01,-1.148106374200643592e-15
1.585034349472542914e+01,2.065656981057472663e+01,1.617619031890751735e+00
1.547024646995984654e+01,2.016121772375876731e+01,3.124999999999996003e+00
1.486559942127991008e+01,1.937322634830552204e+01,4.419417382415921303e+00
1.407760804582666658e+01,1.834629599423481494e+01,5.412658773652739619e+00
1.315997265361993485e+01,1.715041026809391056e+01,6.037036414306675702e+00
1.217522858017441401e+01,1.586706680582470419e+01,6.250000000000000000e+00
1.111140466039204711e+01,1.662939224605090160e+01,6.625000000000000000e+00
1.015878161895848741e+01,1.520369111259351236e+01,6.399258599165077221e+00
9.271078263514613838e+00,1.387514915529872184e+01,5.737418300071906785e+00
8.508790110734770096e+00,1.273430431303677679e+01,4.684582425360877878e+00
7.923865838490167235e+00,1.185890327647258680e+01,3.312500000000000888e+00
7.556167069301210404e+00,1.130860317957938754e+01,1.714676173804201342e+00
7.430751866637180569e+00,1.112090606454654029e+01,4.056642522175607699e-16
7.556167069301210404e+00,1.130860317957938577e+01,-1.714676173804199122e+00
7.923865838490167235e+00,1.185890327647258502e+01,-3.312499999999998668e+00
8.508790110734770096e+00,1.273430431303677679e+01,-4.684582425360876989e+00
9.271078263514612061e+00,1.387514915529871828e+01,-5.737418300071905009e+00
1.015878161895848564e+01,1.520369111259351058e+01,-6.399258599165077221e+00
1.111140466039204711e+01,1.662939224605090160e+01,-6.625000000000000000e+00
1.206402770182560502e+01,1.805509337950828908e+01,-6.399258599165078110e+00
1.295173105726947860e+01,1.938363533680308137e+01,-5.737418300071906785e+00
1.371401921004932234e+01,2.052448017906502287e+01,-4.684582425360879654e+00
1.429894348229392698e+01,2.139988121562921464e+01,-3.312500000000003109e+00
1.466664225148288381e+01,2.195018131252241744e+01,-1.714676173804205117e+00
1.479205745414691364e+01,2.213787842755526469e+01,-1.216992756652682113e-15
1.466664225148288381e+01,2.195018131252241744e+01,1.714676173804196901e+00
1.429894348229392875e+01,2.139988121562921819e+01,3.312499999999995559e+00
1.371401921004932412e+01,2.052448017906502642e+01,4.684582425360876101e+00
1.295173105726948215e+01,1.938363533680308493e+01,5.737418300071904120e+00
1.206402770182561035e+01,1.805509337950829618e+01,6.399258599165076333e+00
1.111140466039204888e+01,1.662939224605090160e+01,6.625000000000000000e+00
1.000000000000000178e+01,1.732050807568877104e+01,7.000000000000000000e+00
9.094133342141178744e+00,1.575150099939467729e+01,6.761480784023477852e+00
8.250000000000001776e+00,1.428941916244323629e+01,6.062177826491071286e+00
7.525126265847084994e+00,1.303390102581820997e+01,4.949747468305832676e+00
6.968911086754466133e+00,1.207050807568877104e+01,3.500000000000000888e+00
6.619259607988261962e+00,1.146489394952411622e+01,1.811733315717646731e+00
6.500000000000000888e+00,1.125833024919770153e+01,4.286263797015736102e-16
6.619259607988261962e+00,1.146489394952411445e+01,-1.811733315717644288e+00
6.968911086754465245e+00,1.207050807568877104e+01,-3.499999999999998224e+00
7.525126265847084994e+00,1.303390102581820997e+01,-4.949747468305831788e+00
8.250000000000000000e+00,1.428941916244323451e+01,-6.062177826491069510e+00
9.094133342141178744e+00,1.575150099939467552e+01,-6.761480784023477852e+00
1.000000000000000178e+01,1.732050807568877104e+01,-7.000000000000000000e+00
1.090586665785882303e+01,1.888951515198286302e+01,-6.761480784023478741e+00
1.175000000000000178e+01,2.035159698893430402e+01,-6.062177826491071286e+00
1.247487373415291678e+01,2.160711512555933211e+01,-4.949747468305835341e+00
1.303108891324553653e+01,2.257050807568877104e+01,-3.500000000000003109e+00
1.338074039201174159e+01,2.317612220185342409e+01,-1.811733315717650505e+00
1.350000000000000355e+01,2.338268590217984055e+01,-1.285879139104720831e-15
1.338074039201174159e+01,2.317612220185342764e+01,1.811733315717642068e+00
1.303108891324554008e+01,2.257050807568877460e+01,3.499999999999995559e+00
1.247487373415291856e+01,2.160711512555933211e+01,4.949747468305831788e+00
1.175000000000000355e+01,2.035159698893430757e+01,6.062177826491068622e+00
1.090586665785882658e+01,1.888951515198287012e+01,6.761480784023476964e+00
1.000000000000000178e+01,1.732050807568877104e+01,7.000000000000000000e+00
8.845773804380028693e+00,1.793745483065376334e+01,7.375000000000000000e+00
8.001537372971846196e+00,1.622551269990673362e+01,7.123702968881878483e+00
7.214834259197461463e+00,1.463023659625197581e+01,6.386937352910235788e+00
6.539276980172234133e+00,1.326034194983515313e+01,5.214912511250788363e+00
6.020903648050545343e+00,1.220918481695163038e+01,3.687500000000000888e+00
5.695040548764050747e+00,1.154839981908812163e+01,1.908790457631092119e+00
5.583894714014892457e+00,1.132301836185018828e+01,4.515885071855864505e-16
5.695040548764049859e+00,1.154839981908812163e+01,-1.908790457631089676e+00
6.020903648050544454e+00,1.220918481695163038e+01,-3.687499999999998224e+00
6.539276980172234133e+00,1.326034194983515313e+01,-5.214912511250787475e+00
7.214834259197459687e+00,1.463023659625197226e+01,-6.386937352910234011e+00
8.001537372971844420e+00,1.622551269990673006e+01,-7.123702968881877595e+00
8.845773804380028693e+00,1.793745483065376334e+01,-7.375000000000000000e+00
9.690010235788211190e+00,1.964939696140079306e+01,-7.123702968881879372e+00
1.047671334956259592e+01,2.124467306505555086e+01,-6.386937352910236676e+00
1.115227062858782148e+01,2.261456771147237177e+01,-5.214912511250791027e+00
1.167064396070951204e+01,2.366572484435589629e+01,-3.687500000000003109e+00
1.199650705999600575e+01,2.432650984221940149e+01,-1.908790457631096116e+00
1.210765289474516493e+01,2.455189129945733839e+01,-1.354765521556759351e-15
1.199650705999600753e+01,2.432650984221940504e+01,1.908790457631087234e+00
1.167064396070951382e+01,2.366572484435589985e+01,3.687499999999995115e+00
1.115227062858782503e+01,2.261456771147237532e+01,5.214912511250786586e+00
1.047671334956259770e+01,2.124467306505555442e+01,6.386937352910233123e+00
9.690010235788214743e+00,1.964939696140080017e+01,7.123702968881877595e+00
8.845773804380028693e+00,1.793745483065376334e+01,7.375000000000000000e+00
7.653668647301796746e+00,1.847759065022573566e+01,7.750000000000000000e+00
6.886064003106817211e+00,1.662442910766964488e+01,7.485925153740279114e+00
6.170770346887073821e+00,1.489755746174449946e+01,6.711696879329400289e+00
5.556533759235282588e+00,1.341465916132977654e+01,5.480077554195744050e+00
5.085213448525959912e+00,1.227679127499342826e+01,3.875000000000000888e+00
4.788929115040303941e+00,1.156149761877368576e+01,2.005847599544537285e+00
4.687872046472350007e+00,1.131752427326326327e+01,4.745506346695993894e-16
4.788929115040303941e+00,1.156149761877368398e+01,-2.005847599544535065e+00
5.085213448525959912e+00,1.227679127499342826e+01,-3.874999999999998224e+00
5.556533759235282588e+00,1.341465916132977654e+01,-5.480077554195743161e+00
6.170770346887072932e+00,1.489755746174449769e+01,-6.711696879329398513e+00
6.886064003106817211e+00,1.662442910766964133e+01,-7.485925153740278226e+00
7.653668647301796746e+00,1.847759065022573566e+01,-7.750000000000000000e+00
8.421273291496774505e+00,2.033075219278182644e+01,-7.485925153740280003e+00
9.136566947716518783e+00,2.205762383870697008e+01,-6.711696879329401177e+00
9.750803535368309127e+00,2.354052213912169123e+01,-5.480077554195746714e+00
1.022212384607763269e+01,2.467839002545804306e+01,-3.875000000000003553e+00
1.051840817956328955e+01,2.539368368167778556e+01,-2.005847599544541726e+00
1.061946524813124348e+01,2.563765702718820805e+01,-1.423651904008798069e-15
1.051840817956328955e+01,2.539368368167778911e+01,2.005847599544532400e+00
1.022212384607763447e+01,2.467839002545804661e+01,3.874999999999994671e+00
9.750803535368310904e+00,2.354052213912169478e+01,5.480077554195742273e+00
9.136566947716520559e+00,2.205762383870697363e+01,6.711696879329397625e+00
8.421273291496778057e+00,2.033075219278183354e+01,7.485925153740277338e+00
7.653668647301797634e+00,1.847759065022573566e+01,7.750000000000000000e+00
6.428789306063233511e+00,1.893860258990211065e+01,8.125000000000000000e+00
5.752832730385496696e+00,1.694729873075743143e+01,7.848147338598679745e+00
5.122941478269138926e+00,1.509169893882824454e+01,7.036456405748564791e+00
4.582041597601379301e+00,1.349825927341087173e+01,5.745242597140698848e+00
4.166994521370408933e+00,1.227557001441995865e+01,4.062500000000000888e+00
3.906085021923642486e+00,1.150695541426619428e+01,2.102904741457982674e+00
3.817093650475044786e+00,1.124479528775437842e+01,4.975127621536122296e-16
3.906085021923642486e+00,1.150695541426619428e+01,-2.102904741457980009e+00
4.166994521370408044e+00,1.227557001441995688e+01,-4.062499999999998224e+00
4.582041597601379301e+00,1.349825927341087173e+01,-5.745242597140697960e+00
5.122941478269138038e+00,1.509169893882824098e+01,-7.036456405748563014e+00
5.752832730385495807e+00,1.694729873075743143e+01,-7.848147338598678857e+00
6.428789306063233511e+00,1.893860258990211065e+01,-8.125000000000000000e+00
7.104745881740969438e+00,2.092990644904678632e+01,-7.848147338598680633e+00
7.734637133857327207e+00,2.278550624097597677e+01,-7.036456405748565679e+00
8.275537014525086832e+00,2.437894590639334780e+01,-5.745242597140701513e+00
8.690584090756058089e+00,2.560163516538426265e+01,-4.062500000000003553e+00
8.951493590202824535e+00,2.637024976553802702e+01,-2.102904741457987114e+00
9.040484961651422680e+00,2.663240989204984288e+01,-1.492538286460836590e-15
8.951493590202824535e+00,2.637024976553802702e+01,2.102904741457977345e+00
8.690584090756059865e+00,2.560163516538426620e+01,4.062499999999994671e+00
8.275537014525088608e+00,2.437894590639335135e+01,5.745242597140697072e+00
7.734637133857328983e+00,2.278550624097598032e+01,7.036456405748562126e+00
7.104745881740972990e+00,2.092990644904679343e+01,7.848147338598677969e+00
6.428789306063234399e+00,1.893860258990211420e+01,8.125000000000000000e+00
5.176380902050419230e+00,1.931851652578136225e+01,8.500000000000000000e+00
4.606988868134282988e+00,1.719351652578136225e+01,8.210369523457080376e+00
4.076399960364705422e+00,1.521333176405282295e+01,7.361215932167729292e+00
3.620772935966553696e+00,1.351290855969749671e+01,6.010407640085654535e+00
3.271158023693303996e+00,1.220812794400999479e+01,4.250000000000000888e+00
3.051380902050417898e+00,1.138790855969749849e+01,2.199961883371428062e+00
2.976419018678991169e+00,1.110814700232428187e+01,5.204748896376250699e-16
3.051380902050417454e+00,1.138790855969749671e+01,-2.199961883371425397e+00
3.271158023693303996e+00,1.220812794400999479e+01,-4.249999999999998224e+00
3.620772935966553696e+00,1.351290855969749671e+01,-6.010407640085653647e+00
4.076399960364704533e+00,1.521333176405281939e+01,-7.361215932167727516e+00
4.606988868134282100e+00,1.719351652578135869e+01,-8.210369523457080376e+00
5.176380902050419230e+00,1.931851652578136225e+01,-8.500000000000000000e+00
5.745772935966554584e+00,2.144351652578135869e+01,-8.210369523457082153e+00
6.276361843736133039e+00,2.342370128750989977e+01,-7.361215932167730180e+00
6.731988868134283877e+00,2.512412449186522423e+01,-6.010407640085657199e+00
7.081603780407533577e+00,2.642890510755272970e+01,-4.250000000000003553e+00
7.301380902050420119e+00,2.724912449186522423e+01,-2.199961883371432947e+00
7.376342785421847736e+00,2.752888604923844440e+01,-1.561424668912875308e-15
7.301380902050421007e+00,2.724912449186522778e+01,2.199961883371422289e+00
7.081603780407535353e+00,2.642890510755273326e+01,4.249999999999994671e+00
6.731988868134284765e+00,2.512412449186522778e+01,6.010407640085652758e+00
6.276361843736133928e+00,2.342370128750990688e+01,7.361215932167725740e+00
5.745772935966557249e+00,2.144351652578136935e+01,8.210369523457078600e+00
5.176380902050420119e+00,1.931851652578136580e+01,8.500000000000000000e+00
3.901806440322566516e+00,1.961570560806460861e+01,8.875000000000000000e+00
3.453680259002567698e+00,1.736282315925902964e+01,8.572591708315481895e+00
3.036093136375997315e+00,1.526347092627527502e+01,7.685975458586893794e+00
2.677502944754506231e+00,1.346071629444757889e+01,6.275572683030609333e+00
2.402347013098790285e+00,1.207741401274211412e+01,4.437500000000000888e+00
2.229376763434507858e+00,1.120783384564200169e+01,2.297019025284873450e+00
2.170379832429427669e+00,1.091123624448593787e+01,5.434370171216380088e-16
2.229376763434507858e+00,1.120783384564199991e+01,-2.297019025284870786e+00
2.402347013098789841e+00,1.207741401274211412e+01,-4.437499999999998224e+00
2.677502944754506231e+00,1.346071629444757889e+01,-6.275572683030608445e+00
3.036093136375996426e+00,1.526347092627527147e+01,-7.685975458586891129e+00
3.453680259002567254e+00,1.736282315925902964e+01,-8.572591708315480119e+00
3.901806440322566516e+00,1.961570560806460861e+01,-8.875000000000000000e+00
4.349932621642564889e+00,2.186858805687018403e+01,-8.572591708315481895e+00
4.767519744269135273e+00,2.396794028985394220e+01,-7.685975458586894682e+00
5.126109935890625913e+00,2.577069492168163478e+01,-6.275572683030612886e+00
5.401265867546342747e+00,2.715399720338709955e+01,-4.437500000000003553e+00
5.574236117210625174e+00,2.802357737048721731e+01,-2.297019025284878335e+00
5.633233048215705807e+00,2.832017497164327935e+01,-1.630311051364913829e-15
5.574236117210626063e+00,2.802357737048721731e+01,2.297019025284867677e+00
5.401265867546343635e+00,2.715399720338710665e+01,4.437499999999993783e+00
5.126109935890626801e+00,2.577069492168163833e+01,6.275572683030607557e+00
4.767519744269137050e+00,2.396794028985394931e+01,7.685975458586890241e+00
4.349932621642566666e+00,2.186858805687019469e+01,8.572591708315480119e+00
3.901806440322566960e+00,1.961570560806461216e+01,8.875000000000000000e+00
2.610523844401034133e+00,1.982889722747620809e+01,9.250000000000000000e+00
2.298034198411861961e+00,1.745530271376992815e+01,8.934813893173881638e+00
2.006840205383295217e+00,1.524346474362233650e+01,8.010734985006058295e+00
1.756786254719403750e+00,1.334411641946391214e+01,6.540737725975565020e+00
1.564913109924240597e+00,1.188669519076454506e+01,4.625000000000000888e+00
1.444296608730231579e+00,1.097052190575763397e+01,2.394076167198318839e+00
1.403156566365555857e+00,1.065803225976846136e+01,5.663991446056508491e-16
1.444296608730231579e+00,1.097052190575763220e+01,-2.394076167198315730e+00
1.564913109924240375e+00,1.188669519076454328e+01,-4.624999999999998224e+00
1.756786254719403750e+00,1.334411641946391214e+01,-6.540737725975564132e+00
2.006840205383294773e+00,1.524346474362233295e+01,-8.010734985006056519e+00
2.298034198411861517e+00,1.745530271376992815e+01,-8.934813893173881638e+00
2.610523844401034133e+00,1.982889722747620809e+01,-9.250000000000000000e+00
2.923013490390205860e+00,2.220249174118248447e+01,-8.934813893173883415e+00
3.214207483418773048e+00,2.441432971133007968e+01,-8.010734985006058295e+00
3.464261434082664071e+00,2.631367803548850048e+01,-6.540737725975567685e+00
3.656134578877827668e+00,2.777109926418787111e+01,-4.625000000000004441e+00
3.776751080071836242e+00,2.868727254919478042e+01,-2.394076167198324168e+00
3.817891122436512408e+00,2.899976219518395482e+01,-1.699197433816952547e-15
3.776751080071837130e+00,2.868727254919478398e+01,2.394076167198312621e+00
3.656134578877828112e+00,2.777109926418787467e+01,4.624999999999993783e+00
3.464261434082664515e+00,2.631367803548850759e+01,6.540737725975563244e+00
3.214207483418773936e+00,2.441432971133008678e+01,8.010734985006054742e+00
2.923013490390207192e+00,2.220249174118249513e+01,8.934813893173879862e+00
2.610523844401034577e+00,1.982889722747621164e+01,9.250000000000000000e+00
1.308062584602865286e+00,1.995717846477207047e+01,9.625000000000000000e+00
1.145134670857514303e+00,1.747137886329798917e+01,9.297036078032283157e+00
9.933100251828008709e-01,1.515498239668629310e+01,8.335494511425222797e+00
8.629352462793666856e-01,1.316584765611040986e+01,6.805902768920520707e+00
7.628951598749715846e-01,1.163953088694001003e+01,4.812500000000000888e+00
7.000073325340157027e-01,1.068004805463632856e+01,2.491133309111764227e+00
6.785574657627363448e-01,1.035278632860051218e+01,5.893612720896636894e-16
7.000073325340155916e-01,1.068004805463632856e+01,-2.491133309111761118e+00
7.628951598749715846e-01,1.163953088694000826e+01,-4.812499999999998224e+00
8.629352462793666856e-01,1.316584765611040986e+01,-6.805902768920518930e+00
9.933100251828006488e-01,1.515498239668628777e+01,-8.335494511425221020e+00
1.145134670857514081e+00,1.747137886329798562e+01,-9.297036078032281381e+00
1.308062584602865286e+00,1.995717846477207047e+01,-9.625000000000000000e+00
1.470990498348216047e+00,2.244297806624614822e+01,-9.297036078032283157e+00
1.622815144022929701e+00,2.475937453285784784e+01,-8.335494511425222797e+00
1.753189922926363664e+00,2.674850927343372575e+01,-6.805902768920523371e+00
1.853230009330758765e+00,2.827482604260412913e+01,-4.812500000000004441e+00
1.916117836671714869e+00,2.923430887490781060e+01,-2.491133309111769556e+00
1.937567703442994116e+00,2.956157060094362876e+01,-1.768083816268991068e-15
1.916117836671715091e+00,2.923430887490781416e+01,2.491133309111758010e+00
1.853230009330759209e+00,2.827482604260413268e+01,4.812499999999993783e+00
1.753189922926364108e+00,2.674850927343373286e+01,6.805902768920518042e+00
1.622815144022930145e+00,2.475937453285785494e+01,8.335494511425219244e+00
1.470990498348216935e+00,2.244297806624616243e+01,9.297036078032279605e+00
1.308062584602865508e+00,1.995717846477207402e+01,9.625000000000000000e+00
1.224646799147353256e-15,2.000000000000000000e+01,1.000000000000000000e+01
1.066165841575765127e-15,1.741180954897479438e+01,9.659258262890682900e+00
9.184850993605149917e-16,1.500000000000000000e+01,8.660254037844387298e+00
7.916687710296065889e-16,1.292893218813452449e+01,7.071067811865475505e+00
6.943591797848997744e-16,1.133974596215561448e+01,5.000000000000000888e+00
6.331878134580183603e-16,1.034074173710931888e+01,2.588190451025209615e+00
6.123233995736766282e-16,1.000000000000000000e+01,6.123233995736766282e-16
6.331878134580183603e-16,1.034074173710931710e+01,-2.588190451025206507e+00
6.943591797848997744e-16,1.133974596215561270e+01,-4.999999999999998224e+00
7.916687710296065889e-16,1.292893218813452449e+01,-7.071067811865474617e+00
9.184850993605147944e-16,1.499999999999999645e+01,-8.660254037844385522e+00
1.066165841575764929e-15,1.741180954897479083e+01,-9.659258262890681124e+00
1.224646799147353256e-15,2.000000000000000000e+01,-1.000000000000000000e+01
1.383127756718941189e-15,2.258819045102520207e+01,-9.659258262890684676e+00
1.530808498934191324e-15,2.499999999999999645e+01,-8.660254037844389075e+00
1.657624827265099727e-15,2.707106781186547195e+01,-7.071067811865479058e+00
1.754934418509806541e-15,2.866025403784438552e+01,-5.000000000000004441e+00
1.816105784836687857e-15,2.965925826289068112e+01,-2.588190451025215388e+00
1.836970198721029983e-15,3.000000000000000000e+01,-1.836970198721029589e-15
1.816105784836688251e-15,2.965925826289068468e+01,2.588190451025202954e+00
1.754934418509806936e-15,2.866025403784438907e+01,4.999999999999992895e+00
1.657624827265099924e-15,2.707106781186547551e+01,7.071067811865473729e+00
1.530808498934191916e-15,2.500000000000000355e+01,8.660254037844383745e+00
1.383127756718941978e-15,2.258819045102521628e+01,9.659258262890681124e+00
1.224646799147353454e-15,2.000000000000000355e+01,1.000000000000000000e+01
