-22.08,26.198,14.671
-23.057,25.43,16.291
-24.235,24.505,20.567
-23.551,25.09,14.026
-23.535,25.004,18.857
-22.362,25.749,12.783
-23.843,24.527,22.391
-21.901,25.659,21.055
-20.563,26.651,13.945
-24.543,23.785,14.711
-25.279,23.109,21.339
-21.852,25.371,22.996
-20.89,26.112,18.694
-20.373,26.514,16.088
-24.863,23.339,16.779
-20.383,26.407,11.631
-24.068,23.73,12.584
-23.201,24.13,24.359
-22.615,24.683,10.374
-25.415,22.617,19.142
-25.111,22.521,23.317
-20.396,25.765,22.351
-20.627,25.546,8.4443
-22.528,23.804,25.865
-25.233,21.532,14.348
-24.611,21.656,25.905
-17.948,26.714,10.218
-22.805,23.075,7.3849
-18.786,25.871,21.014
-17.712,26.683,13.945
-26.15,20.533,21.055
-19.691,24.998,24.478
-25.919,20.689,17.105
-17.794,26.266,17.756
-21.577,23.225,27.931
-25.947,20.168,23.518
-24.239,21.479,10.218
-21.43,23.348,4.9205
-24.431,20.934,28.315
-17.527,26.28,6.8242
-26.36,19.807,18.816
-16.285,26.831,9.2491
-23.062,21.547,5.1369
-23.247,21.273,30.543
-21.369,22.703,30.021
-19.18,24.352,26.767
-19.05,24.557,3.0136
-25.7,19.222,27.079
-23.938,20.262,32.516
-17.199,25.848,2.6686
-26.098,19.063,15.682
-25.461,18.977,29.04
-19.71,23.208,29.494
-25.326,18.783,31.391
-16.136,25.788,19.753
-18.731,23.844,28.085
-24.942,18.901,33.23
-14.975,26.838,8.5206
-14.967,26.741,11.04
-25.524,19.137,12.983
-15.381,26.221,16.047
-26.348,18.194,24.677
-24.314,19.686,8.0641
-26.824,17.987,19.753
-26.752,17.888,21.865
-20.282,22.325,31.024
-17.412,24.436,26.494
-17.875,24.677,1.5483
-21.662,21.157,32.66
-15.255,26.572,4.1702
-15.378,25.934,18.001
-16.059,26.131,2.4971
-20.585,22.026,0.71798
-14.475,26.891,6.7127
-23.18,19.8,33.935
-23.686,19.58,5.6816
-15.889,25.363,22.149
-16.446,24.931,24.438
-14.477,26.423,13.825
-22.214,20.051,1.2476
-23.113,19.43,2.979
-26.756,17.539,17.879
-24.82,18.766,9.5966
-25.718,17.413,32.946
-14.149,25.919,17.186
-26.09,16.737,29.946
-26.02,16.584,31.757
-26.456,16.496,27.235
-24.731,17.243,34.94
-24.256,17.982,6.7498
-12.584,27.031,5.9743
-21.999,19.336,35.112
-1,0,-1
-27.123,16.057,22.673
-26.541,16.463,15.399
-14.37,24.948,23.558
-27.006,15.741,24.478
-20.21,20.429,34.11
-16.579,23.211,29.457
-12.633,26.016,15.763
-1,0,-1
-11.878,26.75,8.9032
-25.698,16.69,11.631
-13.089,25.576,19.264
-24.362,16.575,36.894
-14.322,25.655,1.9186
-18.386,21.593,32.444
-27.294,15.389,20.404
-11.969,27.016,4.4904
-11.968,26.362,12.504
-22.122,18.45,36.562
-14.461,24.42,25.826
-25.932,15.297,33.337
-13.12,25.14,22.027
-1,0,-1
-23.612,16.196,2.0202
-23.251,16.77,38.188
-26.156,14.667,31.574
-26.391,14.521,29.645
-16.409,22.055,31.647
-10.589,26.403,11.158
-24.572,15.109,37.747
-27.05,14.079,25.905
-26.038,15.029,11.71
-25.712,14.146,34.837
-26.708,14.023,28.046
-24.603,15.71,7.5728
-9.718,27.022,6.1949
-10.351,26.93,3.7816
-20.841,17.934,38.483
-26.435,14.513,13.543
-27.311,13.849,18.368
-10.142,26.017,14.469
-23.138,14.671,0
-17.505,20.598,33.935
-11.135,25.153,21.176
-14.417,24.276,0.35753
-11.647,24.783,23.518
-19.504,18.956,36.927
-13.045,23.814,27.815
-9.6905,26.194,12.624
-1,0,-1
-25.149,13.822,36.562
-16.248,21.332,32.767
-27.41,13.257,23.076
-13.554,23.16,29.645
-18.231,19.55,35.521
-1,0,-1
-25.451,14.518,9.9067
-14.734,22.202,31.428
-9.0903,26.363,10.922
-9.7377,25.686,17.064
-10.115,25.363,19.509
-23.899,14.401,39.172
-8.8431,26.649,8.6734
-22.204,15.981,40.212
-11.632,24.294,25.865
-1,0,-1
-26.962,13.492,15.966
-23.689,14.669,3.3611
-1,0,-1
-11.514,25.52,1.4813
-26.09,12.835,31.391
-27.553,12.417,20.689
-12.041,23.458,28.926
-24.669,13.03,37.992
-25.791,12.647,33.337
-26.026,13.445,11.789
-17.927,18.961,36.662
-23.754,12.344,0.16216
-26.256,12.405,29.871
-26.647,12.241,27.854
-21.746,15.151,41.707
-18.185,18.305,37.943
-27.075,11.773,25.668
-25.407,12.035,35.214
-1,0,-1
-14.729,20.805,33.654
-8.0764,25.39,18.694
-10.22,23.775,27.815
-7.1656,25.932,14.026
-7.2694,26.875,4.2767
-6.5438,26.76,7.6105
-19.48,16.685,41.157
-6.6564,26.329,10.53
-24.687,12.963,7.6482
-8.1195,24.979,21.46
-23.076,13.136,41.058
-8.8613,24.42,24.836
-11.501,22.553,31.061
-27.167,11.35,17.308
-6.9158,25.565,16.983
-25.011,11.218,36.329
-9.5596,25.462,1.3142
-27.299,10.686,23.999
-27.439,10.707,19.712
-24.085,11.473,39.172
-21.328,14.038,43.366
-5.37,26.965,6.4532
-16.034,18.625,36.728
-23.562,10.304,0.097223
-25.25,11.888,9.8679
-26.215,11.314,13.624
-7.2874,24.605,23.518
-19.016,15.659,43.77
-1,0,-1
-1,0,-1
-1,0,-1
-13.857,19.461,35.419
-4.1876,27.05,5.8644
-23.569,11.508,4.7409
-24.361,10.172,37.453
-4.8462,25.594,16.007
-27.174,9.5824,22.068
-4.3039,26.013,12.385
-8.1957,23.297,29.608
-5.9145,24.688,22.714
-9.8108,24.262,0.32491
-19.613,14.503,45.241
-11.728,20.822,33.97
-3.9675,26.356,9.9456
-1,0,-1
-1,0,-1
-3.7071,26.754,7.6482
-6.9998,23.899,27.196
-4.8413,25.269,18.531
-22.052,11.879,44.581
-25.652,9.8615,29.532
-26.128,9.6619,27.429
-15.805,17.594,39.32
-20.833,13.061,45.547
-25.186,9.8544,31.938
-22.751,11.043,42.963
-4.0971,25.768,14.307
-4.3026,26.936,4.2412
-6.0381,24.364,24.677
-8.8395,22.651,31.465
-10.034,21.841,32.875
-6.7729,25.774,1.8849
-24.828,9.746,34.18
-24.497,9.6093,36.562
-4.9634,24.918,21.014
-24.607,9.5972,35.724
-16.919,16.511,42.812
-26.602,9.2335,25.273
-27.041,9.3036,18.327
-26.947,9.0541,23.799
-22.987,9.7494,1.2476
-1,0,-1
-24.194,10.605,7.1974
-26.57,9.3824,16.129
-1,0,-1
-7.249,22.936,30.913
-2.8369,25.811,13.543
-9.9438,21.08,34.11
-23.293,9.4628,40.958
-17.392,15.324,45.292
-23.705,8.96,39.123
-13.089,18.438,37.026
-22.339,10.016,44.682
-26.838,8.0214,19.997
-2.8301,24.969,20.038
-3.2702,26.483,3.2914
-21.253,10.622,46.874
-1.5322,25.958,12.186
-5.3738,23.297,29.645
-3.0563,24.583,22.714
-1.7407,25.511,15.561
-1.2156,26.813,6.1581
-0.94559,26.427,9.2877
-14.518,16.76,42.158
-18.526,13.177,47.797
-10.028,20.048,35.588
-24.461,9.0696,9.5193
-3.7907,23.985,26.376
-7.1749,22.004,33.195
-15.32,15.964,44.53
-1.6184,25.142,18.327
-8.5918,22.794,0
-12.995,17.564,39.419
-25.432,8.0554,13.503
-4.4627,25.2,1.6154
-21.976,8.545,45.751
-23.082,7.5149,40.162
-19.895,10.826,49.803
0.51661,26.651,8.2539
-18.728,11.857,50.164
-7.4649,20.912,35.453
-25.906,6.7772,23.478
-23.379,7.0371,36.894
-26.23,6.5814,21.42
-22.355,7.5386,43.77
-1,0,-1
-12.482,16.967,41.807
-10.217,18.666,37.894
1.0424,26.075,11.119
-24.18,6.9234,32.12
-1,0,-1
-2.5494,23.529,28.583
-1,0,-1
0.36645,25.155,17.471
-17.409,12.507,50.267
-0.023817,24.852,19.916
-1.1301,24.188,24.757
-22.779,7.968,5.5358
-20.897,8.723,49.7
-23.478,6.767,35.351
1.6358,26.751,7.6105
-25.218,6.53,26.062
-11.187,17.648,40.112
-1,0,-1
-22.951,6.593,38.975
-1,0,-1
-24.355,6.6047,30.654
-1.4574,23.848,26.806
-5.8538,21.443,35.214
-13.021,16.162,44.327
-25.702,6.4933,17.308
-21.743,7.342,2.1559
-18.334,11.214,51.402
1.8777,26.418,9.2491
-15.889,13.588,49.082
-19.754,9.6597,51.608
-21.537,7.5996,47.438
1.4927,25.673,13.463
-24.701,6.3749,28.392
1.2481,25.336,15.804
1.6256,26.762,6.011
-2.934,22.916,31.281
-22.51,6.5208,41.657
0.093694,24.484,22.512
-7.233,20.31,36.728
-4.2779,22.181,33.76
-1,0,-1
-25.254,6.5256,14.671
-1,0,-1
-23.612,6.2945,33.584
-23.286,7.2953,7.5352
-14.135,14.767,47.028
-0.257,25.948,3.3611
-2.5154,24.881,1.7163
-22.559,6.0733,40.51
-9.6118,18.21,39.914
-0.092944,23.946,26.023
-4.4415,23.571,0.71798
-25.737,5.5765,19.957
-21.786,6.4038,45.853
-24.648,6.2199,13.023
-23.796,6.4917,10.101
-14.143,13.765,49.133
3.2067,25.383,14.994
-1,0,-1
-17.604,10.32,53.57
-2.0078,22.508,33.195
2.7932,26.481,5.0646
-9.7258,17.254,42.862
-15.285,12.386,51.35
1.6738,24.124,24.638
0.58104,23.549,28.315
-20.086,7.2491,52.899
4.1716,26.004,11.001
-23.498,5.023,32.084
-21.072,5.9893,49.442
3.3323,25,17.756
-6.7644,19.397,39.914
4.1667,26.418,7.5728
-3.4929,21.488,36.229
2.8267,24.555,21.258
-11.081,15.729,45.751
4.3031,25.604,13.423
-0.2032,22.952,31.465
-21.819,4.7423,43.114
-18.317,8.5231,56.197
-21.385,4.7624,47.182
2.6698,25.895,3.7113
-19.732,6.7266,55.58
-24.369,4.6662,14.994
-24.786,4.1541,21.46
-1,0,-1
4.2781,24.684,19.835
-23.463,4.122,30.876
-7.1791,18.25,42.761
-22.146,5.3462,6.7127
-4.0132,20.654,39.073
-22.427,4.2126,34.975
-22.63,4.1479,34.075
-14.83,11.396,53.983
-23.879,3.8903,28.162
-1,0,-1
-1,0,-1
-0.40867,23.786,1.5483
-21.54,3.7365,41.357
-16.462,9.6165,58.195
6.281,25.698,12.544
0.61341,22.618,33.619
2.0795,23.176,30.691
-20.037,5.2765,54.911
-22.639,3.671,33.159
5.6179,24.758,19.02
-2.4564,21.184,38.778
-21.276,3.5116,45.089
6.3862,25.345,14.872
3.9124,23.828,26.533
-23.415,3.3884,29.494
-18.026,7.4129,58.654
-24.009,3.4451,23.839
-20.586,4.1703,51.453
4.8769,24.198,23.759
6.9339,25.902,11.04
-21.532,3.3801,38.63
-23.429,4.0692,12.265
-19.463,4.0049,0.58657
-1,0,-1
6.8058,26.009,9.3648
-1,0,-1
-20.291,4.484,53.312
-3.5877,20.271,41.008
-8.6996,15.939,45.751
-14.767,10.605,56.249
-2.6947,21.965,0.32491
5.6545,24.513,21.055
3.4895,23.501,28.812
-0.69725,21.904,36.828
-24.274,3.3457,19.346
2.3361,24.731,2.6342
6.4478,24.992,17.267
-22.816,3.2356,31.866
-9.9796,14.675,47.438
-21.622,3.2465,36.662
-5.1,18.789,43.114
-11.517,13.111,49.854
-21.184,2.9309,43.366
3.864,25.237,3.396
-19.286,5.2894,56.967
-23.564,3.0165,26.533
-1,0,-1
-20.375,4.2815,3.396
-13.474,11.206,54.808
-12.682,11.753,53.054
-1,0,-1
5.8099,25.638,4.9565
-20.849,2.7716,49.185
-6.5541,17.029,44.936
-1,0,-1
4.9898,23.658,28.046
8.1643,25.798,10.374
-23.747,2.8356,17.308
-21.003,2.3456,47.079
-21.887,2.7078,34.11
-22.328,3.4783,9.2877
-22.697,2.4674,30.913
-13.982,10.36,58.959
7.5816,25.798,7.3473
-23.228,2.3034,28.046
-20.269,3.0092,52.796
-15.795,8.3502,61.082
8.6171,25.107,16.291
-0.61864,21.178,40.162
-18.586,4.7021,58.959
-17.58,5.7976,60.579
6.7334,23.911,26.494
9.1306,25.474,12.305
2.3298,22.356,36.061
-21.256,2.1497,35.385
5.0676,23.24,31.134
8.7996,24.695,19.183
8.0985,24.298,22.915
-2.2763,19.553,43.366
-19.733,2.5344,54.963
9.7924,25.272,14.711
-11.648,10.907,55.272
-6.9281,14.962,47.233
-8.5101,13.46,48.824
-20.591,0.87952,48.259
2.8866,23.012,1.7836
-12.057,10.576,59.568
-12.753,9.941,61.433
4.6015,22.696,34.561
-1,0,-1
9.7511,25.294,9.2491
-15.336,7.0874,63.521
-20.589,1.3203,36.462
-18.386,2.2126,1.4144
5.3316,23.99,2.9444
-5.1645,16.047,46.465
8.3321,25.237,5.0286
-20.393,1.1237,37.125
0.87753,21.562,0.78383
-1,0,-1
-21.445,1.1114,32.588
9.8205,24.408,21.501
9.5108,25.28,7.3098
-19.933,0.97905,52.383
-22.876,1.1818,18.775
-22.636,1.3655,15.237
-1,0,-1
-17.255,4.3638,61.734
-22.824,1.0437,21.014
-22.32,0.72463,28.736
-9.9395,11.379,52.951
-17.879,3.362,60.529
-19.976,0.53863,43.821
9.1727,25.094,5.8644
9.5952,24.047,25.273
-1,0,-1
-13.868,7.7784,64.062
-22.441,0.54379,26.062
-3.2898,17.064,45.751
-22.349,0.44203,27.351
-16.032,5.2707,63.324
-22.605,0.87007,17.512
-20.384,1.5831,6.2317
-20.024,0.024688,46.772
-21.978,1.1399,11.671
-21.451,1.2778,9.2106
-1,0,-1
-10.676,10.552,57.837
-1,0,-1
6.1963,22.573,33.9
-19.874,0.42514,38.237
-1,0,-1
-19.996,-0.15818,49.906
11.237,24.443,20.608
-14.884,6.2167,64.599
-20.544,0.49056,34.423
8.3497,24.521,4.2057
10.985,24.204,22.835
-8.1436,12.077,50.731
9.2376,23.454,28.43
-8.0659,14.011,76.677
2.7796,21.149,39.716
-1,0,-1
12.021,24.686,16.372
4.8545,21.964,36.529
-21.51,0.065578,30.394
-6.7678,15.319,78.14
12.016,24.624,18.735
-19.363,0.24328,54.705
-18.488,1.398,58.603
-19.927,-0.61869,48.567
9.5295,24.741,4.9205
-19.483,-0.06284,40.958
12.355,24.813,13.784
-1,0,-1
-18.474,0.95835,2.5313
-10.082,10.484,60.276
-22.165,-0.062949,24.279
-0.79165,18.357,44.987
-19.918,0.096257,35.893
0.96829,19.695,43.013
-11.312,9.2706,63.963
8.2055,22.729,31.72
-19.582,-0.11585,37.092
12.296,24.687,11.513
-10.152,10.238,62.083
-17.384,0.57626,0.91584
-18.962,0.1411,56.3
-9.741,11.38,76.221
-6.1283,13.089,49.185
-4.3699,14.704,47.746
-9.075,10.586,55.426
-8.403,12.451,79.542
11.152,24.417,7.0852
-5.164,15.99,75.951
-1,0,-1
-16.656,2.3417,62.978
-4.0738,16.787,78.316
-7.1066,13.314,73.951
13.554,24.338,17.96
-11.905,7.5185,65.81
9.9607,22.676,30.245
-17.386,1.0364,61.283
-10.786,9.0157,78.973
-5.5699,14.721,79.868
12.628,24.108,9.2106
-21.529,-1.2435,26.376
4.627,21.251,1.3476
12.301,23.39,25.194
-21.667,-0.90958,18.082
-7.3189,10.925,53.415
-8.9654,10.626,73.116
8.3592,23.085,2.9444
-2.487,17.64,76.827
-13.635,4.9458,66.289
-8.8466,9.9137,63.57
13.863,23.896,20.77
-11.127,8.0002,75.126
-18.986,-1.9659,51.866
-20.635,-0.76438,9.7128
-18.297,-1.0587,57.582
-15.388,2.6343,65.231
-11.859,6.9307,77.819
7.9739,21.313,34.63
-18.583,-1.4993,38.09
-18.374,-0.8325,3.5709
-7.5391,11.191,81.521
-9.7951,8.737,71.961
-9.377,8.8378,65.954
14.046,23.802,10.922
-10.534,7.5764,81.229
1.3337,17.648,45.038
-7.2129,10.457,59.213
-11.033,6.8743,67.334
-18.347,-2.2433,45.955
-4.128,14.687,73.327
-1,0,-1
-5.1937,11.679,51.453
14.571,23.593,14.751
-8.6247,9.4514,81.665
-5.2848,13.304,72.264
-16.36,-1.8735,0.25974
-19.364,-1.2425,6.3054
-8.1541,10.054,70.864
-6.6203,10.566,56.249
-20.759,-2.2159,28.315
0.054042,16.151,46.414
-2.0035,16.672,74.806
-21.178,-2.2956,23.759
-1.0163,17.715,78.175
11.518,23.134,4.7409
-6.9008,10.401,61.734
-9.2492,8.3194,69.148
-10.883,6.6389,71.656
-18.106,-2.4112,55.066
14.787,23.406,12.703
-1.4364,14.51,47.951
-1,0,-1
-5.5247,10.899,53.725
-18.23,-2.8516,49.185
6.4072,20.159,38.09
-18.625,-2.1587,35.588
-19.656,-2.3555,31.866
-6.0057,11.742,70.908
-17.945,-2.3546,39.666
10.393,21.184,31.866
-11.486,5.5243,68.964
-18.144,-2.2622,37.158
-1,0,-1
-0.41207,17.896,76.336
-21.079,-2.494,21.298
-1,0,-1
-1,0,-1
-5.7043,11.88,81.288
-11.625,5.4573,73.909
-20.907,-2.7262,25.312
-11.61,5.298,79.706
-17.763,-2.6161,43.669
-20.805,-2.2384,14.066
-1,0,-1
-18.996,-2.4586,33.865
-2.2228,15.658,79.868
-1,0,-1
-2.8456,12.812,49.803
-6.951,10.215,69.102
15.64,23.335,19.957
12.122,21.563,28.736
-1,0,-1
15.49,23.216,21.258
-7.2638,9.6559,67.193
-10.904,5.5827,81.778
-16.957,-1.5057,60.881
-17.417,-2.1509,58.959
-17.682,-2.5596,57.582
-6.6732,10.046,64.697
4.906,19.583,0.71798
4.7612,18.821,41.457
10.434,22.547,3.0136
3.1505,17.767,43.922
-11.867,4.8098,76.677
13.53,22.806,7.3849
-20.623,-3.0323,26.689
15.373,22.871,17.512
-18.089,-3.486,51.505
-15.424,0.21581,65.376
-12.867,3.2285,68.503
-3.6956,13.458,80.81
-17.67,-2.7735,38.483
-14.236,1.5396,67.145
8.8993,21.649,2.122
-20.851,-2.8373,18.775
-19.774,-3.0405,30.282
-16.187,-1.0041,63.176
-20.257,-2.6176,11.158
3.1031,18.139,0
14.55,22.711,9.5966
-6.4924,9.9369,82.195
-5.3196,10.515,60.074
13.855,21.775,26.101
-9.1745,6.5628,82.702
-17.783,-3.7137,52.847
-3.5048,13.093,71.173
14.915,22.131,23.277
-2.9517,11.875,51.453
-17.297,-3.1852,41.657
15.328,22.652,11.197
-20.658,-3.1589,17.186
-19.505,-2.8364,8.6351
7.1206,20.193,1.2476
-3.5755,11.234,54.035
-11.25,4.0041,81.347
-11.861,3.4982,71.394
-1,0,-1
-11.746,3.6215,74.523
15.945,22.18,20.323
-4.6065,10.789,67.193
1.8402,18.113,76.677
-17.551,-3.261,3.9578
-3.7288,10.808,58.144
-1.0956,14.758,72.307
1.0397,17.023,74.442
-3.2974,11.831,69.24
-13.101,1.0166,69.286
1.2297,16.998,79.041
-20.318,-4.3522,23.879
-3.9775,10.627,63.669
-3.5647,10.714,60.982
1.2517,14.183,47.848
14.767,20.829,25.312
-11.632,2.3879,76.144
-15.153,-2.0177,65.182
-16.563,-4.2117,40.659
-1,0,-1
16.165,21.476,12.107
-1,0,-1
-1.4741,13.28,80.749
12.344,19.472,30.876
-1,0,-1
-14.151,-1.1401,67.522
-20.091,-4.5439,15.926
-1,0,-1
15.245,21.185,8.4824
2.8961,17.848,74.927
-1,0,-1
-1,0,-1
-0.75279,11.92,52.383
-16.452,-4.4383,38.925
0.10046,14.658,80.22
-15.359,-2.9678,64.013
-1,0,-1
-20.056,-4.892,18.49
-19.888,-4.7572,14.307
-16.168,-4.6489,41.707
-19.553,-4.6797,11.869
16.415,20.725,16.698
-18.967,-5.0373,29.002
-1,0,-1
13.353,19.31,29.192
-1.3032,11.324,55.786
16.251,20.61,14.428
-16.165,-4.7131,57.428
12.503,20.878,3.1523
-15.973,-4.8807,46.772
16.189,20.354,18.571
-13.217,-0.75485,69.468
8.6366,19.143,1.0814
-1.8859,11.491,67.475
-1,0,-1
-1.4508,11.122,57.939
-16.203,-5.2622,51.299
-11.105,1.5923,77.962
11.02,18.314,33.865
4.0891,18.355,77.42
-0.76854,12.73,69.331
-11.424,1.1432,74.115
-19.35,-5.4584,26.455
-16.434,-4.9013,37.026
15.736,19.827,21.298
3.8221,14.839,46.159
-16.906,-5.0006,35.588
14.085,20.91,4.4904
6.78,17.75,0.45554
-4.1629,8.788,82.331
5.7413,16.117,43.215
3.4159,17.302,73.827
-15.901,-5.28,49.288
-1,0,-1
-10.445,1.7114,80.81
2.116,15.767,72.393
6.9625,16.804,41.307
-17.758,-5.231,32.444
1.3401,12.728,50.06
-1.5733,11.019,62.531
4.3429,18.23,75.206
-15.199,-3.9733,62.631
0.70254,14.068,70.775
-1.6239,11.138,65.085
14.309,19.05,26.962
-18.22,-5.39,30.654
-12.215,-0.2625,71.085
15.188,19.303,24.119
-1,0,-1
15.987,20.162,10.452
-2.1921,10.769,81.434
-15.932,-5.5646,53.57
-11.126,0.83112,76.259
-15.438,-4.8294,60.074
-15.36,-6.5059,0.58657
-19.505,-6.0066,24.558
10.808,19.545,1.7836
-1,0,-1
8.6442,17.249,38.827
-1,0,-1
15.101,20.163,6.3793
2.0475,15.042,79.933
-15.734,-5.7075,55.22
-1,0,-1
-15.385,-5.4491,43.568
-18.245,-5.5416,7.7614
2.9863,13.402,48.31
-19.565,-6.1306,21.541
-0.44371,11.154,60.074
-1,0,-1
-16.763,-5.9287,3.7464
1.1815,13.457,69.559
-16.883,-5.8689,34.11
-19.376,-6.4712,23.438
-1,0,-1
16.503,19.316,12.265
-13.044,-2.4958,68.918
1.6319,11.925,52.486
4.2502,16.697,79.142
16.239,18.739,16.86
0.48074,11.263,57.582
-13.966,-3.8988,65.762
-1,0,-1
0.51851,11.936,66.337
1.283,11.546,54.756
-15.099,-6.0186,41.108
15.963,19.169,8.5587
13.594,17.499,29.871
-1,0,-1
6.1088,18.251,77.926
-19.161,-6.719,15.115
15.699,17.586,19.142
6.8561,18.579,75.912
1.0453,12.141,80.688
5.7325,17.252,73.032
3.5721,14.705,70.238
2.1858,13.021,68.038
1.2873,11.584,63.274
-1,0,-1
-1,0,-1
15.291,17.037,21.987
-11.03,-1.6348,73.032
16.137,17.351,15.318
10.511,17.495,1.0482
14.963,16.527,24.876
15.23,18.719,4.5261
16.306,17.412,11.513
-1,0,-1
2.237,11.233,59.162
-14.016,-6.965,49.442
-1,0,-1
-16.643,-7.5373,5.0646
16.11,17.711,7.6482
-13.669,-6.3213,61.834
11.808,15.649,35.385
-14.098,-7.2261,55.992
16.263,16.756,13.263
-1,0,-1
-1,0,-1
3.8485,11.645,53.415
-17.351,-7.8849,7.5352
-8.659,-0.77986,81.288
-1,0,-1
3.1315,11.249,57.07
-1,0,-1
-17.227,-8.03,28.468
-1,0,-1
-18.487,-8.1957,18.979
-12.155,-4.7064,67.991
-1,0,-1
10.679,15.277,38.041
-14.132,-7.4745,38.728
-9.0953,-1.2606,79.109
8.3876,18.119,77.566
14.614,15.494,27.467
-9.5282,-1.6908,76.067
9.1476,14.455,41.058
5.582,14.731,69.423
4.1264,13.315,80.125
-1,0,-1
-1.1968,7.2138,82.277
-14.573,-7.6405,36.695
-18.337,-8.4581,21.217
3.2289,11.399,60.982
-17.589,-8.3897,26.494
5.48,12.287,49.545
-17.862,-8.2238,10.922
-15.086,-7.8195,35.248
-1,0,-1
-18.16,-8.5182,22.593
15.576,15.443,17.023
-17.851,-8.5111,24.638
-15.958,-8.0733,32.516
-13.313,-7.5097,46.772
-13.645,-7.7551,54.138
-16.419,-8.2008,30.691
3.9547,12.333,65.376
-13.574,-7.6955,42.761
7.5054,13.202,44.53
14.928,14.961,22.956
-1,0,-1
-10.955,-3.847,70.686
8.9885,18.204,73.992
0.6857,9.0074,81.463
-10.487,-3.2731,72.478
-1,0,-1
16.105,17.023,6.2686
7.6128,16.565,78.973
16.162,16.193,9.3648
-12.545,-6.338,64.062
6.1291,14.777,79.706
-1,0,-1
-13.166,-7.5376,58.246
8.7433,17.509,72.478
13.793,14.753,31.208
5.3665,13.525,67.757
-13.221,-7.9319,52.021
2.0881,10.138,80.991
-12.989,-7.2985,60.529
-1,0,-1
-15.281,-8.3866,33.865
13.161,17.069,1.7163
-13.103,-7.9687,44.631
14.757,17.284,2.979
7.616,15.885,70.686
-11.92,-5.9196,66.289
7.0659,12.414,46.772
-9.7137,-3.139,73.744
16.231,16.184,7.5352
-1,0,-1
-1,0,-1
16.118,15.272,11.631
14.85,14.294,25.114
4.3629,11.164,59.213
15.765,14.718,14.913
-7.1804,-1.255,82.702
3.2461,10.941,80.688
15.078,14.13,19.875
-17.967,-9.1961,16.332
-17.897,-9.1919,14.146
-1,0,-1
10.124,15.056,0.42285
4.7766,11.789,63.027
10.065,18.195,76.028
-13.079,-8.4012,41.008
7.0814,14.535,68.918
-1,0,-1
10.319,17.803,72.99
-1,0,-1
-1,0,-1
15.441,13.426,15.966
5.6561,11.052,56.916
14.839,13.029,22.956
5.9614,12.042,64.257
16.161,15.683,4.8845
-15.674,-9.8588,5.8278
12.612,13.382,35.994
6.8161,11.113,53.415
16.044,13.643,10.608
15.962,13.286,12.663
-12.164,-9.2733,42.158
14.845,12.604,26.767
16.291,14.408,7.0105
-16.975,-10.358,21.095
6.2507,11.151,60.478
-1,0,-1
8.2686,14.284,79.739
-10.713,-7.164,65.666
8.9965,14.802,69.286
-8.942,-4.8707,72.478
1.4159,6.4367,82.03
-6.773,-2.7544,80.779
13.071,14.906,1.181
8.1202,11.254,48.567
14.855,11.931,20.77
-11.677,-9.2795,53.209
3.3093,8.3711,81.288
-10.71,-7.6699,64.404
6.9281,11.582,63.027
-12.466,-9.6907,37.355
7.3523,12.148,64.988
-11.48,-9.2661,55.375
9.588,15.148,79.343
7.9373,11.011,50.783
-14.793,-10.459,30.987
-11.56,-9.6089,43.669
11.153,12.082,40.41
15.998,15.383,2.8753
-11.781,-9.7323,41.157
-1,0,-1
12.186,17.584,76.182
-10.636,-8.3245,62.73
-11.209,-9.5582,52.021
11.318,16.435,71.787
-15.68,-10.862,26.728
-1,0,-1
-1,0,-1
9.9396,11.257,43.467
14.593,11.921,30.802
15.715,11.845,14.59
-16.127,-11.031,9.9067
8.9256,13.353,67.663
-1,0,-1
-1,0,-1
12.315,17.341,74.115
-16.495,-11.101,12.863
5.5326,9.8638,80.779
11.459,16.422,78.069
-10.947,-9.6326,50.009
-16.208,-11.136,22.915
-14.029,-10.665,32.444
-16.471,-11.14,18.612
-1,0,-1
16.204,12.593,8.7499
-6.5863,-3.6926,78.596
-1,0,-1
15.495,11.302,16.86
-5.0797,-2.7768,82.728
-13.299,-10.508,34.11
-10.629,-9.0194,60.226
15.406,14.678,2.258
-9.3288,-7.0737,68.084
-14.901,-11.028,29.192
7.5649,11.864,80.252
9.2239,10.663,46.772
10.651,12.336,0
-1,0,-1
-1,0,-1
15.17,10.753,19.142
-12.342,-10.461,35.859
-1,0,-1
-16.304,-11.468,15.723
-7.2344,-4.8686,74.564
10.926,14.925,70.013
-11.303,-10.264,39.37
-1,0,-1
-1,0,-1
-1,0,-1
-10.628,-10.093,46.465
-8.3971,-6.4371,70.775
16.531,14.031,3.7464
-1,0,-1
15.024,10.359,20.567
10.48,14.118,68.964
2.1421,4.8597,82.385
12.573,12.933,0.61938
8.2353,10.341,57.018
-6.3618,-4.4239,76.827
-1,0,-1
14.981,10.139,23.116
-10.136,-9.7802,58.042
16.655,12.759,5.5358
16.489,14.036,2.9444
9.2968,10.168,49.854
8.863,10.174,52.847
12.615,11.012,37.943
14.174,10.807,33.76
-9.1965,-8.3686,65.376
-15.352,-11.919,24.558
-1,0,-1
-13.814,-12.238,4.0993
-14.995,-12.039,7.4976
16.203,10.971,10.608
-10.474,-10.711,41.657
16.459,11.693,7.0479
14.971,9.9396,27.235
16.073,10.493,12.743
3.6671,5.6163,81.947
-9.8356,-10.535,52.899
9.0314,10.635,61.684
14.909,9.6919,30.32
10.865,13.155,79.706
11.58,9.7081,41.607
14.309,16.64,76.221
10.493,11.51,65.279
-10.394,-11.521,37.125
14.919,12.107,1.4813
-15.148,-12.892,14.187
-1,0,-1
10.418,9.053,48.824
13.787,9.1481,35.521
-8.6985,-10.411,59.72
10.223,9.1362,51.247
14.936,8.1503,24.995
-1,0,-1
-11.73,-13.625,2.2239
-6.3117,-7.1437,72.177
-9.4987,-11.564,39.964
-13.673,-13.275,6.2686
-1,0,-1
-12.878,-12.801,30.617
-1,0,-1
-1,0,-1
-1,0,-1
-6.9194,-8.0455,69.922
-1,0,-1
16.9,10.395,6.1213
-14.778,-13.269,15.723
16.002,8.3295,16.413
-14.587,-13.411,21.258
-8.4526,-10.854,58.348
13.322,10.662,0.55377
16.454,9.0382,10.062
-14.413,-13.381,10.726
-3.6839,-4.9828,80.901
15.832,8.0647,17.797
11.129,8.4533,45.7
6.4256,6.2998,81.521
-1,0,-1
-1,0,-1
-6.8431,-8.7001,68.642
3.6663,2.8948,82.78
-5.2439,-6.6755,74.156
16.231,8.2158,14.227
16.4,8.5273,11.513
-8.5656,-11.758,43.922
17.253,10.669,4.6334
-1,0,-1
-1,0,-1
13.768,14.094,78.837
15.541,7.4623,20.282
12.545,12.421,68.456
13.84,13.905,70.641
14.758,14.982,72.478
-8.1639,-11.377,55.735
8.4832,8.1325,80.961
-8.2836,-11.798,48.927
-6.8806,-9.3227,66.956
-14.1,-13.892,23.317
-7.646,-10.557,61.834
15.514,15.697,74.605
15.084,15.268,77.566
-11.575,-13.085,32.444
-8.9169,-12.066,38.532
-12.87,-13.577,28.507
-3.8791,-5.7881,78.387
-13.413,-13.76,26.337
-8.1093,-11.769,51.35
-7.2102,-10.04,64.453
15.813,15.891,76.602
10.428,9.9912,80.44
15.889,15.958,75.874
10.592,8.9655,58.654
-1,0,-1
12.918,7.901,38.728
-4.3178,-6.3493,76.028
16.719,8.7203,7.9883
17.008,10.902,2.979
-1,0,-1
15.171,7.1576,27.429
-1,0,-1
-1,0,-1
15.252,6.8321,23.116
-7.9635,-11.801,53.157
-1,0,-1
-10.435,-12.934,34.249
14.93,7.3696,31.829
10.943,8.4094,54.344
-1,0,-1
-14.031,-14.052,17.879
-9.5795,-12.676,35.825
12.318,11.111,66.433
11.982,11.181,80.093
-8.0887,-12.19,41.108
-7.8797,-12.222,46.619
15.119,6.4623,24.916
11.457,9.7429,63.077
5.7671,4.0171,82.168
-8.2453,-12.287,39.666
-13.466,-14.315,24.717
-1,0,-1
11.176,9.0042,60.982
12.183,7.1812,42.661
16.59,7.5064,9.9844
14.144,6.8811,35.112
12.269,10.279,65.134
-1,0,-1
11.64,7.4308,49.906
-13.524,-14.611,14.59
13.676,11.963,79.575
17.433,8.4833,5.6451
16.449,6.3131,16.129
15.701,9.2285,1.5483
-8.0437,-12.932,37.092
-6.6198,-11.826,59.111
16.592,14.583,76.221
-5.0191,-9.4566,69.468
-11.535,-14.946,5.4267
13.077,7.6358,0.12968
-3.6117,-8.2357,73.243
-0.34945,-5.4707,82.832
15.758,4.8351,21.784
16.737,6.0413,9.0567
-1,0,-1
-2.1765,-7.1491,77.638
-1,0,-1
14.941,5.185,33.337
15.138,11.652,69.967
-6.2237,-13.119,50.215
-7.6729,-13.637,36.061
16.773,5.2456,14.307
13.046,5.3317,41.108
13.108,9.4525,80.252
11.189,7.2742,80.931
12.486,7.612,60.125
-2.2895,-7.6791,75.912
15.686,4.7039,28.621
-5.184,-11.55,63.718
8.0838,3.5991,82.058
-6.0163,-13.357,48.002
14.843,10.71,68.918
-12.539,-15.941,20.689
-8.5955,-14.416,33.935
-6.0841,-13.254,39.32
-11.092,-15.595,28.085
16.714,4.9934,11.394
18.023,7.6362,4.1347
-1,0,-1
18.055,8.1204,3.2914
-9.0437,-14.783,32.839
17.014,13.069,74.197
-5.6239,-13.177,52.693
-7.7737,-14.188,35.009
16.797,4.5866,15.601
16.406,4.2585,17.471
-5.7016,-13.454,45.394
-12.351,-16.251,22.673
16.215,12.024,78.175
9.9996,5.0686,81.521
14.967,10.601,79.575
-1,0,-1
14.442,9.5429,66.956
12.882,6.9097,57.837
-1,0,-1
-12.017,-16.354,24.239
17.639,7.5656,2.7374
16.359,11.761,71.569
-4.8431,-12.295,61.534
-1,0,-1
14.309,4.2613,36.329
-1,0,-1
13.283,7.6101,62.033
13.006,6,51.918
-1,0,-1
-4.0652,-11.24,66.242
16.11,3.5892,20.079
13.871,8.3286,64.257
12.967,5.4741,49.545
-12.033,-16.245,16.21
-1,0,-1
-11.999,-16.26,14.267
15.967,3.5442,24.717
12.999,4.7813,45.751
-5.1512,-13.489,42.51
15.682,3.9104,31.134
17.42,12.636,76.144
-9.5782,-15.683,30.58
-4.7468,-12.774,59.821
7.5056,1.402,82.702
-11.153,-16.424,26.219
-1,0,-1
-11.69,-16.469,10.922
-1,0,-1
-0.45704,-7.4611,79.933
-9.5211,-16.61,3.8873
17.203,4.763,7.6482
-4.7808,-13.277,55.992
-3.2981,-10.858,68.41
16.061,3.0754,21.744
-1,0,-1
17.841,5.5689,5.7912
-2.713,-10.172,70.238
-6.3858,-14.376,35.893
15.357,3.5163,33.053
-1,0,-1
-4.5242,-13.144,58.348
-1,0,-1
18.346,6.7179,3.4659
-1,0,-1
-4.7097,-13.933,50.731
-10.48,-16.887,6.4902
14.819,5.712,0.39018
0.70669,-7.2202,82.086
-5.4173,-14.147,37.059
11.899,5.6714,81.229
-1.0342,-8.6157,74.605
13.644,5.8451,54.963
16.91,3.6911,9.0567
-11.545,-16.979,18.694
16.523,6.0485,1.5818
-4.5853,-14.097,49.391
-0.39655,-8.2193,76.94
-1.3269,-9.4996,72.264
13.349,6.7266,80.779
-1,0,-1
16.839,2.7305,14.187
-6.8608,-15.417,33.9
13.744,2.9389,41.058
16.3,9.4196,69.514
15.51,8.472,79.739
-3.7733,-14.439,47.438
16.836,2.1893,11.829
16.391,2.074,28.698
17.617,10.356,76.144
16.442,1.4744,18.816
-2.674,-12.793,63.472
17.504,10.035,73.578
-10.766,-18.047,23.598
-3.2827,-14.443,44.733
-7.017,-16.336,32.408
10.661,2.222,82.195
-3.0492,-13.972,57.223
14.705,5.6759,60.529
-3.2805,-14.439,38.827
16.422,1.0775,21.46
-0.60866,-10.523,70.417
-8.7805,-17.48,28.659
-7.8972,-18.045,3.5009
14.808,3.7704,0
17.989,3.0726,6.6013
14.586,1.5094,37.191
12.895,4.3445,81.376
-1,0,-1
14.387,3.3689,49.236
-1,0,-1
-2.8238,-14.434,53.777
17.115,8.8592,78.246
-2.6458,-14.46,42.862
-0.93424,-11.468,68.178
-1,0,-1
-1,0,-1
18.527,4.0625,3.8168
-10.37,-18.281,16.82
18.423,3.2823,5.5358
-10.316,-18.279,14.307
-1.4642,-12.431,65.714
15.996,1.0914,32.408
14.253,2.3851,46.363
16.133,6.8657,65.328
-1,0,-1
1.0563,-9.349,73.452
-1,0,-1
16.959,1.1545,10.062
-7.6512,-17.5,30.208
-10.14,-18.609,21.622
14.917,5.7765,80.564
-9.047,-18.307,26.845
14.98,3.8041,52.641
-1,0,-1
-1.974,-13.886,59.72
2.0382,-8.7278,79.933
16.812,0.48553,14.469
1.6561,-9.0005,75.285
3.0408,-7.9797,81.807
14.35,1.5863,43.77
0.87086,-10.035,71.744
16.799,3.7121,0.8828
-2.0669,-14.702,40.908
-9.1003,-18.753,7.3098
14.441,0.91805,40.51
-1,0,-1
-2.6782,-15.123,37.518
-9.352,-18.728,25.035
-1,0,-1
16.787,0.16081,24.239
16.733,0.025716,16.576
-1,0,-1
-3.7201,-15.829,35.724
-1,0,-1
-1.8901,-14.604,55.735
17.563,7.9017,71.481
10.248,-0.24852,82.754
-1.9552,-15.015,50.731
16.957,0.24536,26.923
17.557,7.8285,73.41
17.641,1.1309,7.8747
17.632,7.8452,75.364
16.152,5.4873,63.126
15.469,4.1546,57.888
15.468,3.7301,55.014
-1.5429,-14.543,57.223
17.521,7.5807,77.383
17.529,7.313,69.423
-6.2604,-17.606,31.171
16.92,0.1412,29.23
-9.4255,-19.238,23.598
-1,0,-1
-4.6977,-16.812,33.443
17.316,6.7506,67.475
16.86,-0.35407,12.424
2.6859,-9.0682,77.855
-5.3859,-17.28,32.3
-1.2495,-14.915,42.56
-1.4074,-15.229,46.926
16.586,6.085,79.276
-0.63827,-13.765,62.283
-1.145,-15.086,44.175
15.505,-0.37934,35.453
-6.7154,-18.281,29.796
-1,0,-1
-0.15486,-13.191,64.306
15.06,-0.12507,38.237
16.666,-1.083,19.468
18.398,2.9075,2.122
-9.4162,-19.495,18.694
-1,0,-1
18.667,1.4418,5.8278
-1,0,-1
-1.3088,-15.327,39.024
-9.1121,-19.537,10.844
3.0119,-9.3616,74.074
-8.0703,-19.203,26.415
16.804,-1.135,14.549
13.565,2.1483,81.722
-1,0,-1
17.713,6.5168,72.862
0.85128,-12.448,66.433
15.229,3.8385,80.718
2.1785,-10.818,70.058
17.327,-0.71989,8.9799
12.41,0.33922,82.412
-6.8633,-19.042,28.046
15.585,0.64758,46.363
17.172,-1.4904,25.708
3.5179,-9.8446,72.478
17.676,5.7824,74.442
4.3592,-9.1541,80.189
16.869,-1.9688,22.633
2.2084,-11.73,68.084
-0.17759,-15.365,54.086
16.434,2.1696,53.725
-0.77713,-16.19,37.551
17.327,4.8972,77.31
0.74426,-14.421,61.132
17.021,3.4434,61.132
16.568,-1.8503,33.266
0.48507,-15.167,56.916
16.581,3.7211,79.542
18.105,4.8561,65.279
-1,0,-1
-5.7048,-20.364,3.7464
18.602,1.6217,1.4144
19.502,1.2901,3.2218
-1,0,-1
16.852,-2.7982,18.164
16.837,-2.6849,13.503
17.173,-2.1858,29.002
2.0163,-13.103,65.085
-4.7662,-18.915,29.983
17.51,1.2128,0.39018
14.161,0.65552,81.947
-8.3223,-20.663,16.332
5.0024,-9.4211,74.806
-3.4521,-18.249,31.938
-1,0,-1
15.976,-1.0617,42.259
17.406,-2.3352,9.674
17.987,-1.7223,8.0261
-8.0927,-20.824,13.463
0.78202,-15.984,48.927
16.826,-3.326,20.242
13.56,-0.51258,82.331
-1,0,-1
1.9903,-13.957,63.077
-1,0,-1
1.095,-15.889,46.006
0.84104,-16.056,50.783
19.697,0.08482,4.4547
18.865,4.7913,66.956
-1.089,-17.384,35.588
17.119,-3.2222,25.273
5.537,-9.547,77.126
-8.0065,-21.079,18.368
19.536,0.85254,2.3603
4.9382,-10.446,70.596
11.861,-2.9238,82.571
17.084,1.5563,56.043
5.7043,-9.5944,78.665
3.4704,-12.458,66.576
-1.6624,-17.857,34.11
18.933,4.7436,69.286
19.03,-1.2862,6.2686
15.614,1.2173,80.657
7.6388,-7.9886,81.891
16.891,0.36934,50.783
18.294,3.4633,63.472
16.91,-3.8064,15.844
-1,0,-1
0.91811,-16.51,39.37
16.822,2.3947,78.802
-6.7209,-20.84,23.317
-1,0,-1
1.5852,-16.06,42.711
18.429,3.9796,72.564
-1,0,-1
-6.8261,-21.337,7.6105
-5.6305,-20.353,26.101
17.007,-3.7556,11.829
-0.095588,-17.298,36.629
-7.3232,-21.241,20.323
17.682,3.1135,75.285
-1,0,-1
16.659,-2.6944,36.795
16.569,-1.2505,45.292
6.0956,-9.8491,72.134
-4.3392,-19.847,28.354
-1,0,-1
2.3113,-15.13,59.467
17.664,1.6496,59.365
17.41,0.66204,53.828
17.148,2.151,77.236
1.8907,-16.088,52.641
5.0009,-11.566,68.271
16.975,-3.4681,33.9
-1,0,-1
0.87398,-17.162,37.649
10.269,-6.0579,82.545
7.0565,-9.3732,80.125
17.242,-3.6716,31.975
14.54,-1.1405,81.807
3.9505,-13.395,64.697
16.874,-4.7853,22.472
6.902,-9.6268,77.711
20.166,-0.42331,3.2218
3.032,-14.764,61.433
17.024,-1.2774,47.335
16.928,-4.905,18.979
16.9,-4.8235,13.624
-1,0,-1
2.6223,-15.919,55.22
2.4139,-16.396,50.628
-6.8527,-22.006,10.804
7.6151,-9.4016,76.259
17.047,-5.1102,26.219
-1,0,-1
19.936,-0.55875,1.8849
18.888,1.7743,62.382
0.56824,-18.344,35.555
3.4038,-15.748,57.326
-6.5251,-22.307,17.96
3.2376,-16.475,48.619
-1.7985,-19.7,30.133
7.3158,-10.746,69.65
19.91,2.8219,65.954
18.941,-3.8092,7.1226
-0.43552,-19.16,32.48
11.22,-6.6861,81.835
17.363,-5.4324,29.57
16.278,-0.91097,78.526
17.134,-0.025261,75.796
8.802,-9.2905,78.281
3.7414,-16.559,45.802
18.32,1.0994,73.744
5.9626,-12.998,65.569
8.8501,-9.3843,73.074
15.496,-2.1662,80.626
-2.4441,-20.646,27.738
0.56603,-18.999,34.145
9.7436,-8.7411,80.502
17.757,-5.6008,9.7515
16.971,-6.5292,17.267
13.803,-4.3633,81.521
18.555,-0.33068,57.888
17.069,-6.5327,12.464
19.147,1.3385,72.393
4.3039,-16.314,54.241
4.9085,-15.212,60.831
16.754,-6.9831,23.719
9.9368,-8.8599,75.874
5.6874,-14.375,62.978
4.1102,-17.113,42.259
-5.3198,-23.164,8.6351
-5.3069,-22.802,19.712
-1,0,-1
16.86,-7.2333,20.242
-1,0,-1
16.144,-2.3277,76.45
18.335,-2.1079,51.144
-2.6791,-21.431,25.983
20.542,2.1829,68.734
4.6643,-16.579,51.866
2.6398,-18.57,37.158
18.117,-2.832,49.082
19.816,1.2886,70.908
-3.9762,-22.368,22.996
16.949,-7.3609,14.792
-1,0,-1
20.2,-1.6932,0.61938
-1,0,-1
-5.3987,-23.236,14.026
-5.4043,-23.425,10.726
15.614,-3.416,79.641
20.859,-3.2252,4.0285
17.837,-6.1822,33.443
5.2795,-16.195,56.043
15.459,-3.7362,77.42
15.589,-3.6592,78.596
17.991,-4.5872,41.557
8.8549,-11.437,67.991
18.834,-1.8497,54.344
12.512,-7.2513,80.626
9.5857,-10.558,69.696
11.634,-8.1474,74.564
-4.0154,-22.764,21.46
-2.8679,-22.131,24.159
11.801,-8.0614,76.715
14.559,-5.1154,80.378
2.1569,-19.397,35.282
11.648,-8.2989,78.973
-1,0,-1
-1,0,-1
5.1486,-17.22,43.973
19.144,-0.14745,72.478
21.203,-2.3135,1.9186
15.271,-4.3739,76.028
11.49,-8.614,73.032
-3.1938,-23.364,5.3178
18.064,-1.3916,73.661
18.004,-4.3094,45.802
-1,0,-1
19.553,-0.72187,60.73
10.919,-9.4869,71.481
15.039,-4.8341,78.14
16.396,-3.371,74.685
-1,0,-1
8.6435,-12.458,66.385
14.81,-5.2407,79.075
-1,0,-1
18.349,-5.4828,38.041
4.4938,-18.231,40.311
16.711,-8.5216,24.119
16.967,-8.255,26.455
13.959,-6.2357,77.529
19.335,-1.695,57.326
20.247,-5.0954,5.8644
16.752,-8.5796,22.391
6.278,-15.867,58.654
13.49,-6.9192,79.476
5.7317,-17.162,46.057
-1,0,-1
12.741,-7.8605,73.661
21.184,1.1062,67.381
2.1096,-19.97,33.76
6.1802,-16.517,54.344
14.03,-6.5299,74.726
-3.837,-23.428,19.753
1.544,-20.319,31.757
-1.3935,-22.002,25.352
-0.57206,-21.527,26.689
-2.7127,-22.854,22.754
19.272,-6.5448,7.3473
17.426,-8.2924,11.119
20.568,-0.18638,63.914
21.169,0.58975,65.858
8.2159,-13.826,64.257
6.2388,-17.064,48.824
-1,0,-1
0.83922,-20.881,29.192
18.145,-7.7641,9.1721
17.506,-8.2884,29.645
18.916,-3.6896,51.144
19.707,-1.8602,58.806
-3.9472,-23.756,17.675
5.6304,-17.943,42.259
17.049,-8.9247,13.023
-4.0956,-24.231,10.179
16.902,-9.2468,17.227
7.4897,-15.311,61.183
13.276,-8.3128,72.221
16.859,-9.7933,20.242
10.977,-11.643,67.475
19.515,-2.0203,71.394
20.967,-0.57659,69.056
12.305,-10.257,69.559
7.4609,-16.89,52.589
17.806,-4.0858,72.607
8.7845,-14.703,62.78
15.864,-6.2454,72.735
-1.1664,-23.202,22.351
21.351,-0.97194,65.328
18.954,-5.5205,49.442
18.9,-8.6796,8.102
0.32312,-22.556,24.558
18.097,-9.2972,31.245
-1,0,-1
8.213,-16.596,55.683
17.242,-10.294,27.931
19.142,-6.9165,40.808
16.813,-10.893,23.398
4.3668,-20.63,35.588
8.8306,-15.848,59.872
17.291,-10.427,11.908
20.396,-3.4897,57.428
1.8564,-21.907,26.962
-1,0,-1
-2.8033,-24.887,12.424
-1.5915,-24.055,19.468
19.806,-8.3069,7.0105
16.843,-11.134,18.408
12.769,-11.232,67.898
2.0219,-24.119,1.6826
21.404,-1.8062,67.003
19.663,-5.2864,52.434
8.3064,-17.64,48.773
7.4542,-18.665,43.467
-2.0808,-24.623,17.105
22.768,-4.3514,1.7499
18.715,-9.3054,33.195
18.801,-7.232,45.7
19.259,-8.1844,36.861
15.184,-8.7152,70.462
-1,0,-1
16.967,-11.312,13.945
-1,0,-1
3.1226,-21.716,28.926
-1.9565,-25.096,9.3262
-1,0,-1
18.097,-10.389,9.7515
9.9639,-15.328,61.383
10.862,-14.173,63.521
21.334,-2.3814,68.271
21.095,-3.2009,62.531
22.348,-4.1946,0.25974
-1,0,-1
8.9969,-17.524,50.525
8.4505,-18.28,46.312
17.408,-6.7728,71.041
19.122,-7.8351,43.619
17.859,-10.94,29.608
-1,0,-1
12.363,-12.762,65.521
17.078,-11.73,26.298
20.599,-3.4526,69.194
19.117,-5.0721,70.507
-1,0,-1
4.5411,-21.485,33.619
-0.5291,-25.126,5.9377
7.4144,-19.555,41.657
21.264,-3.1153,64.988
-1.671,-25.083,14.953
6.0953,-20.663,37.486
21.549,-7.7333,5.5722
13.361,-11.757,66.909
16.763,-12.189,16.698
21.075,-4.0817,60.125
14.49,-10.649,68.224
10.38,-15.875,59.973
16.745,-12.454,20.323
23.251,-6.1159,3.4659
4.2983,-21.97,31.134
20.643,-5.3834,55.323
19.079,-8.0893,47.489
21.155,-3.6276,67.944
-1,0,-1
10.468,-16.338,58.297
18.557,-11.046,31.391
19.07,-8.6339,45.547
19.692,-8.7792,40.609
-0.57417,-25.134,17.064
-1,0,-1
17.578,-12.356,28.162
16.689,-13.162,18.49
17.531,-12.394,11.276
18.579,-6.989,69.65
1.691,-23.899,21.987
9.883,-18.12,48.773
7.4796,-20.725,39.716
-1,0,-1
3.1079,-23.154,24.995
-0.5985,-25.545,11.869
10.466,-17.37,53.209
19.786,-10.623,7.6105
19.638,-7.8994,50.834
3.99,-22.696,27.39
-1,0,-1
17.237,-8.9864,68.642
4.6752,-22.563,29.268
19.263,-11.085,33.76
11.121,-17.007,55.786
16.916,-13.644,24.757
12.229,-15.424,60.881
2.0101,-25.27,4.705
20.41,-7.51,53.519
20.216,-6.3314,67.334
15.518,-11.686,66.242
1.2503,-24.996,18.857
21.716,-5.2661,61.984
4.9827,-24.412,1.7499
1.0262,-25.584,8.33
16.608,-14.32,22.391
-1,0,-1
19.883,-10.536,37.42
16.72,-14.198,14.792
21.54,-5.8051,63.914
14.311,-13.817,63.472
-1,0,-1
16.536,-14.881,17.39
0.88463,-26.005,13.263
11.052,-18.951,47.592
17.472,-14.302,27.079
19.856,-10.736,41.407
-1,0,-1
24.926,-6.7115,2.2921
9.0234,-21.273,40.958
18.525,-13.52,30.357
19.589,-10.735,45.19
1.5703,-25.951,11.079
21.83,-6.8726,58.399
20.119,-9.4804,52.176
18.214,-10.112,66.576
10.926,-19.609,46.006
17.257,-14.889,12.027
12.475,-17.871,52.744
13.598,-16.251,58.857
16.27,-15.91,20.16
6.4065,-23.45,31.611
8.9604,-21.945,39.765
6.7538,-23.293,33.017
21.621,-11.428,6.5272
18.693,-13.97,9.4034
7.6421,-22.882,35.656
5.8347,-23.765,28.43
8.3593,-23.46,0.98199
16.742,-15.585,13.503
8.6659,-22.304,38.188
-1,0,-1
2.8136,-25.567,18.408
12.33,-18.643,50.164
13.053,-17.592,54.396
6.3277,-23.71,30.245
16.164,-16.367,22.27
24.015,-7.0076,0.032384
21.529,-8.3942,55.992
21.969,-7.3426,61.784
13.548,-17.058,56.659
25.24,-6.5369,0.84978
17.297,-12.293,64.599
-1,0,-1
16.635,-16.164,24.717
16.485,-16.268,15.358
10.778,-20.938,43.417
20.089,-12.407,38.237
19.633,-13.497,34.492
21.245,-8.2186,64.502
5.7841,-24.314,26.494
5.0528,-24.767,23.919
-1,0,-1
2.3139,-26.525,15.682
15.343,-15.302,60.629
22.488,-9.3888,0
3.631,-25.965,9.1721
5.3444,-25.258,5.2816
16.514,-13.959,62.631
20.07,-11.477,49.648
19.77,-10.205,65.085
20.884,-10.111,54.035
20.568,-13.463,7.6105
25.313,-8.944,3.9225
23.461,-10.954,5.5358
20.401,-11.071,52.383
4.3712,-25.623,20.811
-1,0,-1
3.1003,-26.649,12.146
10.194,-22.526,40.063
14.041,-18.262,52.589
12.595,-20.197,46.721
12.037,-22.086,0.19466
16.792,-17.16,12.943
16.115,-17.918,17.96
20.247,-13.404,42.108
17.82,-16.826,28.507
15.219,-18.843,22.875
4.4574,-26.414,17.96
9.1692,-24.229,2.5313
20.178,-13.262,46.159
16.316,-18.199,26.141
7.8753,-24.697,31.538
21.38,-10.238,62.73
22.321,-9.456,60.377
17.539,-14.647,61.082
22.288,-9.7552,58.246
5.8677,-25.946,8.102
27.075,-8.0439,2.088
15.573,-19.039,20.16
20.322,-14.452,37.649
16.202,-18.559,15.075
16.362,-16.618,57.684
19.398,-12.888,62.332
19.193,-16.232,32.011
10.366,-23.649,37.551
8.7878,-24.702,33.584
17.625,-15.587,59.365
5.4459,-26.821,10.335
26.196,-8.3721,0.32491
15.28,-19.907,25.983
19.901,-15.943,34.906
21.904,-11.587,56.506
14.096,-20.955,24.359
20.27,-16.149,8.2919
14.424,-21.484,0.35753
17.031,-18.917,0
20.568,-14.192,48.208
10.047,-24.632,35.588
16.602,-19.253,12.743
15.525,-19.296,50.989
16.478,-18.118,54.086
21.059,-13.304,53.415
6.8791,-26.483,8.9415
23.719,-11.836,0.25974
7.7437,-26.077,7.1974
15.375,-20.444,18.735
22.447,-13.26,0.22719
21.856,-11.982,59.923
22.591,-14.837,6.7498
28.079,-9.4404,3.2218
5.8261,-27.358,17.553
13.515,-22.076,22.431
14.297,-21.556,20.282
5.0971,-27.984,16.291
19.761,-14.62,59.72
15.631,-20.596,16.454
18.168,-18.749,10.413
9.6101,-25.527,4.7767
20.922,-13.53,60.428
20.773,-15.751,40.858
8.8487,-26.016,29.078
7.3668,-26.837,23.639
17.267,-19.703,28.621
19.13,-15.939,57.684
18.835,-18.54,31.098
25.435,-10.99,0.42285
25.567,-12.896,5.2454
12.61,-23.755,40.162
14.688,-21.836,25.826
14.423,-22.025,45.445
20.976,-14.896,50.37
5.3656,-28.371,12.903
15.574,-20.749,48.259
18.494,-17.084,55.94
10.267,-25.666,33.9
28.12,-8.958,1.0151
27.612,-11.225,4.2767
8.6057,-26.497,26.062
6.4121,-27.797,19.264
16.093,-20.878,13.704
12.356,-24.351,2.4971
20.489,-16.765,0.25974
22.025,-13.268,57.888
13.107,-23.217,20.892
21.652,-13.86,56.146
21.528,-13.757,59.162
16.765,-20.585,11.987
4.9343,-29.004,14.872
21.021,-15.844,45.292
7.0577,-27.674,21.825
21.337,-17.144,7.7991
9.8997,-26.216,31.938
15.983,-21.488,27.312
17.25,-19.355,51.557
21.073,-15.635,48.516
21.105,-14.669,57.684
27.32,-10.012,0.55377
20.517,-15.828,55.477
12.215,-25.035,37.059
20.309,-18.34,8.5587
14.24,-23.297,43.164
24.185,-13.653,0.58657
19.951,-18.585,34.18
7.8876,-27.604,9.9067
29.546,-9.3947,2.1559
15.436,-22.718,1.381
13.746,-23.616,24.239
20.813,-17.581,37.649
11.493,-25.773,35.248
6.4421,-28.756,17.227
19.391,-17.651,54.138
17.373,-20.157,50.112
14.59,-23.092,17.308
13.39,-24.343,19.346
10.201,-26.982,7.3098
20.903,-16.973,52.28
15.436,-23.154,14.307
12.772,-25.239,21.744
19.132,-19.158,51.763
23.188,-16.176,0.78383
29.844,-11.319,3.5709
21.411,-18.168,41.657
16.931,-22.573,11.631
18.308,-21.747,1.181
17.666,-22.335,28.964
20.089,-20.325,8.8648
6.4745,-30.189,15.763
8.9384,-28.714,23.197
16.18,-23.454,44.733
22.016,-18.944,7.4224
21.549,-17.83,48.567
19.434,-21.184,31.975
12.058,-27.133,33.513
6.6174,-30.393,14.146
30.352,-10.58,1.649
15.427,-24.685,41.157
10.992,-27.786,26.219
10.452,-28.181,24.876
21.068,-19.743,37.747
14.224,-25.515,24.916
20.398,-20.636,34.665
24.914,-17.068,5.901
13.152,-26.31,23.839
11.31,-27.789,27.429
22.306,-18.595,0.84978
19.179,-20.949,49.03
31.073,-10.948,2.4971
17.784,-22.606,46.363
8.5235,-29.695,21.176
20.88,-20.212,0.8828
21.79,-18.721,44.835
28.461,-12.814,1.4478
28.312,-14.386,4.705
25.389,-15.922,1.4478
20.889,-19.303,50.318
11.701,-28.08,28.85
11.739,-27.86,7.9125
10.847,-28.447,9.7515
16.112,-24.832,26.806
12.725,-27.323,6.0478
30.426,-12.928,4.1347
14.017,-26.273,17.308
14.504,-25.912,14.792
16.998,-24.25,43.164
20.918,-20.927,36.396
8.9306,-29.94,12.464
7.8879,-30.745,18.205
15.491,-25.848,38.335
31.175,-12.284,3.396
13.264,-27.136,19.672
12.261,-28.309,30.765
12.721,-27.631,21.217
17.831,-23.74,44.784
23.668,-18.558,1.4144
21.344,-20.715,39.073
19.176,-22.899,9.4034
12.466,-27.942,22.593
14.276,-27.1,35.758
15.947,-25.718,3.1871
12.429,-28.131,24.359
15.72,-25.566,12.305
18.078,-24.097,28.774
21.183,-20.343,48.516
21.254,-21.093,37.747
12.463,-28.247,26.062
18.449,-23.963,1.9863
19.081,-23.509,30.282
20.101,-22.505,1.4144
21.573,-20.595,46.057
30.493,-13.859,3.8873
14.146,-27.397,25.589
20.344,-21.825,47.079
30.736,-13.113,2.5999
20.695,-22.35,34.388
21.34,-22.111,7.6859
17.565,-24.976,10.569
21.553,-21.344,42.309
11.081,-29.882,22.552
12.748,-28.62,8.9799
26.628,-17.849,4.8126
19.835,-23.177,44.124
22.246,-21.337,1.5818
29.067,-15.877,3.7464
29.308,-15.276,2.6342
26.852,-17.647,3.1523
8.8224,-31.857,15.318
23.832,-20.769,5.3904
18.473,-25.27,40.559
14.212,-28.295,15.682
9.7905,-31.588,20.364
24.125,-20.512,2.7718
20.325,-24.095,32.3
13.77,-29.128,27.969
13.444,-29.063,12.305
10.663,-31.196,13.423
13.017,-29.636,20.648
16.52,-27.058,10.883
20.662,-23.783,41.607
17.839,-26.696,38.286
14.104,-29.098,18.082
21.252,-23.742,37.322
19.932,-25.105,2.7374
20.846,-24.2,39.518
9.6397,-32.536,18.286
14.691,-29.03,8.6351
15.779,-28.475,26.884
19.043,-26.076,29.871
15.274,-29.193,33.266
20.827,-24.698,7.6105
15.726,-28.675,5.9743
18.528,-26.477,9.0183
16.458,-28.556,35.419
20.995,-24.824,34.734
17.908,-27.514,36.795
14.516,-30.037,30.394
22.655,-23.356,2.8408
22.321,-23.811,6.011
16.288,-28.469,9.9067
19.345,-26.438,38.384
17.44,-27.918,27.854
23.17,-23.167,4.2057
11.742,-31.858,15.034
17.616,-27.965,4.3123
11.753,-32.061,19.672
13.761,-30.653,16.169
10.825,-32.823,17.105
20.568,-25.949,32.372
15.386,-29.907,27.622
20.38,-26.211,37.486
15.249,-30.379,28.812
13.675,-31.226,18.653
17.22,-28.747,7.7991
21.714,-25.354,6.1581
21.71,-25.42,4.5261
17.854,-28.938,35.043
16.545,-29.782,28.2
12.677,-32.29,17.39
19.938,-27.154,6.4902
19.575,-27.563,4.5618
17.915,-28.84,5.7912
19.991,-27.377,35.555
16.37,-30.249,30.617
19.963,-27.614,32.624
18.221,-29.017,30.096
18.212,-29.387,32.982