-20.5669716,15.67064771,14.05494624
-19.16473532,16.73643852,10.26085223
-18.15471416,17.43537692,6.362963386
-19.6455766,16.08764004,16.77335183
-20.10834707,15.4728391,7.036926063
-18.07228013,17.27783705,13.17705473
-21.04656451,14.49034594,11.11964628
-21.79010108,13.91048923,17.59340053
-19.73036003,14.85745899,2.884451912
-16.58193746,18.1024741,9.440366532
-17.77088272,16.99239002,2.729886724
-18.54909677,16.12272876,19.35442688
-20.88133298,14.10276091,20.1081398
-15.50950684,18.64568928,5.780230692
-16.70576432,17.2281868,15.91724209
-22.14492652,12.8727103,14.91210507
-19.89888807,14.05339936,22.50951276
-14.99744409,18.13565168,12.30549027
-15.10882308,18.57468685,2.61740195
-17.33909813,15.86076874,21.84029648
-21.18952988,12.48575114,7.798688745
-19.8549713,12.21122189,-0.40234375
-13.57080304,18.94160563,8.671869064
-20.64534643,11.86239848,3.108686876
-15.38404193,17.06960804,18.55430443
-19.02204787,13.95315676,24.81481203
-17.97216144,14.85001125,0.060027477
-12.57341048,19.60296068,5.295124411
-21.30930792,11.7715773,25.32784855
-22.77609972,10.86271926,18.27244565
-21.83098008,11.54781063,20.64226327
-21.17780654,11.98453095,22.96897754
-22.52884768,11.08746671,15.30702199
-21.96307421,11.50504421,12.87486061
-18.75050047,13.86022825,25.45722497
-21.85567494,11.55798088,11.85806185
-17.92608223,14.55750236,24.60284732
-21.29609437,11.73296945,7.964693386
-21.15670754,11.68921334,6.761474973
-16.63121618,15.63434685,23.27887218
-15.66732255,16.43775747,21.46403782
-20.64754435,11.29030828,3.147711308
-20.63777496,11.09470017,2.605584318
-14.96701494,17.02589617,19.44321399
-14.67447011,17.27431939,18.37259409
-13.78688289,18.03342814,15.11132042
-20.99008873,9.232409402,-0.1640625
-13.71150915,18.09991765,14.77571728
-20.21020419,10.64990935,-0.640234375
-13.10939225,18.65415105,11.77890222
-19.43954101,12.0552276,-0.799804688
-12.80691117,18.96636983,9.926515363
-12.577815,19.2333761,8.435104725
-18.00353884,14.68955248,-0.027246094
-12.4478648,19.63265714,5.451884678
-12.46555526,19.64285365,5.279164275
-17.72509969,15.09271627,0.09007947
-13.35471806,19.47530221,2.56425686
-21.31841032,11.75642543,25.33134868
-20.91516316,11.96216241,27.4244493
-13.57473924,18.09495193,15.04858434
-22.86651729,10.3601012,18.36888515
-18.21331047,13.70612528,27.02863281
-12.28431598,20.07963404,2.537717322
-21.5628229,11.12475418,23.1276579
-16.15095772,15.44502489,24.2517342
-22.12607211,10.70281978,20.81137693
-11.94252386,18.98900516,11.45938382
-20.34386554,11.68206531,29.40794933
-21.87119559,10.89148819,11.98774327
-14.17734366,16.89601336,21.11973365
-10.5895795,19.83722499,7.985057881
-14.96298734,17.57775151,0.369987903
-12.21870464,17.97771696,17.72329345
-19.93341088,11.22419528,31.2701577
-9.685274041,20.68978818,4.901283693
-17.4441154,13.20703379,29.14325804
-19.81375246,8.71541161,-0.866894531
-15.2108928,15.09042658,26.58860759
-10.442896,18.93076404,14.18342657
-22.88850488,8.989909706,15.74698861
-13.03876021,16.61794433,23.63070663
-19.65531173,10.45204985,33.00905219
-22.21989783,8.567276313,27.7869575
-8.874036301,19.81417406,10.65708033
-10.92772405,17.78517565,20.35144523
-9.201826869,21.39294979,2.472935389
-21.81316762,8.50723697,29.65166072
-16.90732362,12.59515272,31.1509375
-14.44054569,14.61791059,28.84416835
-7.626243912,20.77557472,7.374359441
-9.03732169,18.82673812,16.8697979
-16.90657435,12.06336178,33.02346808
-12.05364916,16.27728017,26.09311916
-22.15931832,7.802891773,25.80554616
-6.765230295,21.81059742,4.577288806
-22.62486789,7.454078343,23.70233234
-19.3904828,9.167193541,34.79293709
-7.347838332,19.77577618,13.32661385
-21.26567682,8.235839978,8.623747552
-9.788962205,17.59611195,22.95453884
-17.12360383,11.17905317,35.00855829
-11.32394032,19.50513748,0.5911468
-23.04498421,6.885307463,21.4750122
-20.99499844,7.661740448,31.40414033
-5.903999521,20.75907846,9.912474337
-21.93145944,7.077791294,27.87047117
-21.59626734,7.179158934,29.70915255
-22.66722504,6.781876199,23.78104937
-22.01866839,7.170469777,25.84721021
-23.0557403,6.594103143,21.51524389
-20.96765824,7.526822939,31.40717895
-23.03711459,6.632615559,20.99499665
-20.91057001,7.55256707,31.59803391
-23.14668117,6.618029586,18.98420959
-20.32793055,7.876605914,33.02346808
-23.02791537,6.755641623,16.15055589
-19.47077914,8.455509482,34.77220711
-22.3505399,7.265501852,13.75802716
-19.26218199,8.61540038,35.67655435
-21.95252773,7.545994776,12.62425169
-21.20738413,7.839641358,8.689065401
-21.12724721,7.844729741,8.23347161
-17.18539703,10.70601631,36.11674941
-16.65833586,11.2401515,35.04588309
-15.66383696,12.23730073,33.03787694
-14.02309912,13.72924615,31.02513536
-20.02325555,7.596494676,3.53139637
-13.8184647,13.90934817,30.94202857
-20.003364,7.56522975,3.419155606
-11.47105269,15.88446227,28.51657221
-19.78844465,5.006901765,-0.089746094
-11.38471114,15.95248587,28.33200028
-10.13431074,16.9351383,25.774279
-18.72633483,6.933264404,-1.016992188
-18.17505001,7.933138716,-1.498242188
-9.38309221,17.52019608,24.00247905
-8.91089244,17.88872269,22.75940547
-7.842510526,18.73831703,19.56155325
-16.64419628,10.72354944,-1.891796875
-7.81194598,18.76314437,19.46540647
-7.01432747,19.44221016,16.30247228
-15.18664626,13.39333195,-1.384277344
-6.66629911,19.76984783,14.61365197
-6.36149489,20.08282481,13.05316994
-13.73119459,16.05966128,-0.850976563
-5.801993326,20.76089691,10.07764308
-5.778477359,20.80122555,9.880892922
-5.328060192,21.65924171,6.940493011
-11.32621341,19.23333983,0.46932907
-5.305092496,21.8760809,6.189567744
-10.97677229,19.51737382,0.602243263
-5.669772498,22.18344772,4.474093545
-7.438304913,21.69960644,2.44941083
-7.775647816,18.76092845,19.54676366
-13.80402332,13.88303118,31.00976087
-11.34497589,15.92572404,28.50341493
-19.9730151,7.433460638,3.428242159
-4.780776536,21.88082224,6.840950304
-5.959133517,19.76691418,16.00610541
-8.833475994,17.37959979,25.54449082
-17.15415151,9.894198974,37.5939082
-19.07134938,7.627923995,37.18979562
-4.344250995,20.71685314,12.50097739
-13.58915816,13.05984598,33.0551583
-23.03841288,5.653316442,19.10272353
-6.612961974,18.63926459,22.22994424
-22.02374977,6.386612441,12.85304595
-10.85786167,15.35796523,30.84326334
-3.696571221,22.83821892,4.305869069
-2.970240334,21.75241119,9.228205688
-20.13153359,6.394398765,33.03787694
-4.618875623,19.68675708,18.7063008
-8.040946906,16.98945194,28.11345486
-5.30815658,22.04848587,2.422966397
-13.77096896,12.07686748,35.31135742
-1.8510078,22.93406803,6.379358181
-17.18278167,8.396491621,40.19139028
-2.83298237,20.61135442,15.14084949
-5.546730857,18.37880617,24.93111723
-10.64854092,14.45970619,33.0839381
-18.79542676,5.936910911,39.62092621
-1.292705624,21.58835916,11.71418687
-3.353396535,19.53701745,21.44940392
-13.9293868,10.87378717,38.13197265
-7.544107219,16.42414438,30.65107991
-0.036679412,22.76456899,8.610006209
-22.61587444,3.789156449,16.54342192
-1.434710669,20.53733568,17.84204797
-4.746346493,18.06042119,27.66307942
-17.20725526,6.760307275,42.78672388
-10.77810577,13.33036085,35.66410094
-19.34231685,4.780082375,34.68929182
0.203726252,21.5386851,14.2899608
-2.293489011,19.39086296,24.2517342
-7.525830591,15.65898892,33.12418273
-20.61716151,3.935343667,29.82387107
-21.88333416,3.432720672,24.03457102
-22.43610983,3.125134996,21.84759138
-20.73703068,4.041432278,27.9904627
-20.14505353,4.112166834,31.49214389
-21.00234623,4.0001134,26.02049384
-22.54170996,3.150513199,19.36922661
-19.61934979,4.309345375,33.05803754
-19.27597511,4.314900917,34.68100069
-22.48647402,3.24862509,16.60275017
-22.42262672,3.300077914,16.06165653
-19.19946268,4.32163932,35.41093609
-19.08215359,4.30912719,36.96915665
-21.82822201,3.717358501,13.29376829
-18.74838212,4.502124388,39.46588668
-21.1028877,4.127419379,10.61452364
-18.51353659,4.688602291,41.19193606
-18.40002502,4.788739274,42.20371752
-20.78225979,4.242215533,9.290733607
-19.68104661,4.208716914,5.031049421
-17.20937316,6.137521269,43.72636346
-19.38989954,3.931526936,3.796799843
-16.04556985,7.465296992,43.17586951
-14.23442335,9.430268881,40.9015704
-18.582385,0.788657318,-0.069824219
-14.07618129,9.595782066,40.68290089
-12.25630989,11.44714398,38.46186047
-17.00910159,3.648889158,-0.985058594
-10.84889221,12.81678574,37.01077799
-16.7462038,4.125457023,-1.231835938
-9.833897316,13.74845111,35.79279884
-15.41872661,6.537246246,-2.110449219
-7.530527581,15.64379496,33.16437248
-7.491567007,15.67332347,33.12418273
-5.273091262,17.2920158,30.49218018
-13.94041769,9.241189465,-1.858105469
-4.4693765,17.84752104,29.24999576
-3.510443829,18.4969723,27.47159789
-12.47211001,11.92867399,-1.482910156
-2.212927354,19.37876061,24.5037134
-2.102252734,19.45490018,24.20906211
-0.956033668,20.27452032,20.8260743
-10.99918399,14.6237595,-1.164355469
-0.629536126,20.52282648,19.59852363
-0.115113423,20.94512244,17.4672174
-9.593780168,17.20773143,-0.015722656
0.522535213,21.53693989,14.87892106
0.680035935,21.70295974,14.15772205
-7.244464225,19.40029289,0.702279252
1.284062945,22.4818688,11.05900039
-5.657224767,20.60530686,1.246713118
1.377361871,22.62490027,10.58971023
1.695240341,23.35593536,8.27441995
-2.874237587,22.35549065,2.396543858
1.221461319,23.74784038,5.98763676
-0.254510206,23.49149452,4.08589896
-0.178818658,23.49051673,4.08281066
1.322875659,23.76366956,5.977890942
-14.08944327,9.459950571,40.93522385
1.627757306,22.61126787,10.97346163
-0.189872088,20.51164018,20.62387115
-4.353186526,17.64077123,30.42028029
-18.40590162,4.01363158,42.0770937
-10.91047573,12.03960935,38.76277457
1.619831788,21.50873932,16.96625564
3.008917909,23.66229844,8.049598906
-1.500979798,19.18249405,27.1439828
-7.84020919,14.6257059,36.09182324
-18.88079776,3.272758718,36.92753927
-17.06166786,4.895202648,45.3731657
3.202118158,22.49833839,13.46904321
-16.09940485,3.208630071,-1.301953125
-14.27759429,7.941739393,43.68822999
0.938477268,20.4005234,23.51239123
-4.426685521,16.87808583,33.1758452
-18.96542025,2.660327417,3.925671544
-20.37914218,2.711636109,9.489162802
4.689905252,23.46913863,10.28555207
-5.198268946,19.53568237,0.760774203
3.000028806,21.40923517,19.76112988
-1.062902691,18.75266874,30.13751132
-8.04132778,13.33199915,39.50359272
-10.87196691,10.40339479,41.79445461
4.739597716,22.37004021,16.09499131
-14.4725269,6.350029405,46.3855845
-0.569294083,22.00780053,2.378940984
1.8350032,20.18180637,26.5474874
-4.865459778,15.8679967,36.64048509
6.296471053,23.32104516,12.67868293
-16.81720119,2.905359131,47.94458476
4.210122918,21.31463777,22.70513317
-1.282978693,18.04039552,33.24172669
-17.57732224,1.63289658,44.56608699
-18.0785105,1.25368071,39.2229887
-19.60031913,1.126919382,29.91285123
-14.77359447,4.796598435,49.0270788
-12.23310458,8.19915538,72.78922992
6.166633914,22.29132091,18.87306859
2.220133394,19.88644947,29.79522465
-19.50358118,0.806601414,29.92237205
-19.61314778,0.850217605,28.89634338
-19.15983576,0.876423421,31.37069663
-19.09290497,0.901638606,31.56176835
-19.65804682,0.904005327,28.12341234
-18.67407077,0.961543381,33.0896907
-21.01767203,0.303961109,21.96789375
-19.76098857,1.015809435,26.15529624
-20.27553251,0.761349413,24.10583942
-21.43349324,0.085537553,19.59112997
-18.35786511,0.887036377,34.65612772
-21.36946915,0.197737552,16.85124962
-18.0506294,0.948012415,36.86928155
-17.95400941,0.837584419,39.20205701
-20.95299881,0.497780591,14.10999623
-17.94394541,0.803691159,39.78022718
-20.85218672,0.561148356,13.62626159
-17.79486365,0.843016943,41.71012641
-19.75244928,1.129823473,9.642770606
-17.46873297,1.104923029,44.4854449
-19.45674448,1.222671135,8.627183421
-17.39885266,1.174528019,45.01621002
-17.13792035,1.463118691,47.49290075
-18.06807047,1.002266846,4.036519099
-17.71172197,0.462497136,2.712099806
-16.84528218,1.838516129,49.47023559
-15.80053033,-0.565220894,-0.99609375
-14.98170211,4.152088929,50.18582459
-14.33279403,4.909742062,49.18901196
-12.94670209,6.479968834,46.83689901
-14.83646899,1.18873012,-1.469628906
-11.21874297,8.387421818,44.56184235
-14.2409238,2.272504709,-1.743164063
-10.70902678,8.946542407,44.09515133
-8.681620264,11.12648713,42.47398878
-12.68415559,5.105559303,-2.455371094
-7.799511221,12.03515469,41.69747885
-5.70639996,14.14877279,40.17040089
-11.21157936,7.800068343,-2.132617188
-5.058162865,14.78920612,39.74668413
-2.725899651,16.79788602,37.12733909
-9.757241119,10.46456616,-1.585546875
-1.700790876,17.51289603,35.47318035
-13.28938816,6.494521282,72.15178251
0.093308651,18.61464415,33.27889886
-8.285112012,13.15834002,-1.257226563
2.185034698,19.78114731,30.73180535
-11.65239154,8.683775598,71.33828726
-12.3668035,7.405674177,74.11593247
2.771377361,20.08073044,29.72829688
-10.55248004,9.872636971,73.44390997
4.595786333,21.07227662,25.98241553
-6.851590346,15.78858029,-0.454492188
4.931141656,21.26026288,25.0999322
5.870796838,21.82268332,22.26629237
-4.406267262,18.62821942,0.491444749
6.559922698,22.29112476,19.75743546
6.807534021,22.4793346,18.68776719
-3.417920964,19.37189133,0.799828919
7.648083766,23.23870142,15.273778
-0.120144972,21.30056093,2.078267192
7.682001975,23.28018007,15.03382556
0.577363294,21.68659647,2.373075519
7.785750899,23.62114283,12.32357509
7.263492894,23.63687598,9.821280454
3.42122065,22.96323735,3.937970347
6.337531734,23.49599074,7.626491951
5.10375853,23.30513156,5.673702814
7.785648881,23.28722229,15.23315282
-13.72353204,5.759561959,71.8621314
-19.02365945,0.738189744,31.56479206
5.105192764,21.23771572,25.86803127
-10.09224551,10.13484138,73.56269283
-19.58925726,0.556025979,28.14000316
-11.15010346,8.893793849,70.4021486
-4.981803764,14.43079155,40.40135338
-1.932106574,17.13104493,37.33139813
-15.21021962,3.318532165,51.61932777
-10.61960015,8.487179858,44.74439276
-16.78457849,1.066726571,50.47957994
7.403392417,22.28284799,21.84759138
1.724342331,19.33695891,33.32743777
-12.693941,6.499932353,69.35597813
-9.097636883,10.89611456,71.33184001
7.290636726,23.18078106,7.538936998
-7.468978928,11.17898178,42.79940754
5.442437433,21.10044698,29.36610593
-13.61777818,4.118662585,74.32894126
9.334331167,23.12414265,17.96821612
6.165461042,22.84996462,5.615716662
-14.7530156,2.954294626,70.80167147
8.60795903,23.31349058,9.63927537
-11.63558642,6.280452836,75.19074349
-7.449926563,11.70163293,74.1910044
-20.19839972,-0.641332875,13.68114858
-18.06729144,-0.375264796,33.10694176
-16.95394844,-0.601093131,47.04133184
-17.29085795,-0.865286717,41.55838444
0.857784646,18.50853527,38.21128621
-13.68847081,3.686998265,68.20790837
-6.571631064,12.53643737,72.13611898
10.01479342,23.36920267,11.91927766
8.645654441,21.93388502,25.10344464
-15.00917158,1.315474244,54.20579156
-14.65202329,1.357592659,73.4081598
4.854373273,20.47783649,33.46121727
5.417465255,22.17151216,3.882660385
-10.28059271,6.458927995,47.59089962
-1.752327948,15.36534893,41.48253709
-8.849759697,8.684631188,67.99195246
-10.57833407,6.466109691,66.86629756
-4.055177787,14.19494599,72.84114318
-11.8405464,4.127650362,52.91304329
-10.76734152,5.079333785,50.30504194
-12.6354887,2.92149629,55.49158196
-6.675670849,10.56770347,69.02903169
-18.37149521,-1.698473802,26.24843421
-11.75868624,3.83695198,65.66786073
-18.12010363,-2.086715582,29.99528266
-17.66952387,-1.975493103,31.61615119
-18.36761766,-2.054097462,28.22617501
-17.08556811,-1.786865987,33.12705524
-18.31611743,-1.798294452,26.24843421
-18.31307109,-1.791571947,26.2036092
-16.88393341,-1.741029425,33.64805292
-16.70967283,-1.825650502,34.68514625
-19.21779554,-2.206792876,21.98975391
-18.55055748,-1.813212922,24.14856908
-19.72313155,-2.49592524,19.63548877
-16.64675627,-2.032579132,36.8318342
-16.67064997,-2.301448289,39.06812335
-19.69061927,-2.407093617,16.89947604
-16.5890468,-2.423406061,41.46568427
-19.23154691,-2.088752053,13.70677004
-19.17146771,-2.055507247,13.35946802
-16.48967619,-2.409364984,42.89666216
-16.48496405,-2.466465766,44.0230663
-16.47347652,-2.55411713,46.70914759
-18.26729062,-1.626291294,9.796749918
-17.56345104,-1.449816837,7.491857331
-16.33829141,-2.424971627,48.91627723
-16.22512938,-2.288260189,49.6917722
-16.3782583,-1.605420288,4.160100481
-14.66459485,-4.898860313,-0.1140625
-15.62293865,-1.499514279,52.79023075
-15.49570075,-1.329437657,53.20083152
-13.05132223,-1.972824457,-1.52109375
-14.49466272,0.010404337,55.47901573
-12.80599614,-1.526882524,-1.66796875
-11.50060322,0.850276115,-2.158886719
-12.80759177,2.207809979,56.68128092
-10.2963666,5.045146673,50.43701318
-11.04186597,4.275343068,53.21352185
-9.097690141,6.346222246,47.90623102
-11.9342632,3.281579594,55.83890728
-7.122596334,8.530055838,45.73032598
-9.96239886,3.652782392,-2.642871094
-6.576617175,9.123791448,45.2244082
-14.76885249,-0.18922545,69.76474847
-13.75193843,1.22006614,67.34814368
-14.92845547,-0.741291531,72.72189093
-4.584313672,11.25295684,43.61197283
-11.77629148,3.773017281,65.64173183
-8.452304488,6.409031569,-2.78125
-3.809172941,12.09136446,43.23935196
-11.72521526,3.838534071,65.6267952
-14.01479506,-0.037378389,75.09601693
-7.00504059,9.061887487,-2.147265625
-1.329189328,14.72461811,42.12351751
-9.730991676,6.390080024,66.00634445
-12.164378,2.295194318,75.90470833
-0.630470681,15.45596616,41.84084332
-5.546946283,11.73256523,-1.646484375
0.946755213,17.18679953,41.66796956
-8.065627055,8.494557143,67.37336109
-10.17955884,4.95250445,75.61359505
-9.149289144,6.325768909,75.50783333
3.76874471,19.70143844,39.34860477
-4.091778588,14.39842833,-1.109570313
3.862763278,19.73445657,39.10578711
-6.447745844,10.50568549,68.85925965
-8.207016019,7.580175838,75.42277474
6.290849743,20.35775923,33.54629033
-5.926847341,11.14670606,69.34227104
8.712062265,20.96721995,29.00049261
-2.246643581,16.99570927,0.229749825
9.503180912,21.14542474,26.20015964
-4.879846236,12.41939055,70.43867649
-6.228262352,10.22283413,75.18127083
9.768739841,21.2171372,24.99799069
-0.348204317,18.32376648,0.836135863
10.48318281,21.51434707,21.27367532
-4.372195942,12.72978179,74.74484505
1.571572112,19.42805496,1.539567719
10.91926806,21.80350128,19.07309874
-3.397796421,14.19930617,72.15178251
-4.219584176,12.93782944,74.69464974
11.22766921,22.05172696,17.70473757
-2.771654647,14.94057847,73.14135379
3.601379189,20.5064081,2.358416576
11.71850429,22.59239697,14.45908737
5.86258768,21.46491338,3.537474184
11.72033162,22.65458315,13.79465087
6.322124648,21.59155997,3.867312322
11.34883222,22.61977985,11.76811308
7.951735449,21.82716811,5.541746918
9.244179216,22.0250294,7.411256268
10.43759251,22.35871438,9.461274521
3.806062202,19.70739125,39.36116882
-4.003541868,12.72820742,74.78947396
-4.41307209,12.39203946,69.97071081
-14.6758903,-0.71557605,69.60521213
-15.32433504,-1.926187578,53.065435
-6.271266114,8.46290312,45.96002785
-12.71275334,1.147639756,58.06792473
-1.234697317,15.63669353,73.43497742
-10.0592429,4.374509848,56.81847561
-3.406523127,11.38677161,43.98914775
-13.55470983,0.011208603,66.97906518
-16.08709244,-3.425282519,43.93403537
-15.80098346,-3.292397556,49.53840424
-10.12375169,4.297634596,63.16967848
-14.80599378,-2.119726434,72.30480659
-2.170454901,14.24141253,70.82135113
-8.385586367,6.458314346,64.41467838
-10.8346587,3.155802329,59.37025821
10.1974121,20.05341101,25.10344464
-13.16433521,-1.095913909,76.06330208
-13.9269305,-1.372126036,56.80185254
1.621573436,16.1731073,42.76135778
-8.876077658,5.110712709,60.67285701
-6.323507165,8.383117867,65.60438231
-11.38526264,1.781809978,61.9015395
-12.26177801,0.700607152,64.42612621
-5.608525335,8.428376072,-2.870996094
-8.46774713,4.948729206,54.25635742
11.6231629,20.25697185,17.93110897
-6.637635178,6.859277031,61.96486699
0.585143319,15.70206969,71.55985086
-7.271187024,5.672062488,58.16260161
-12.43607885,-0.884095985,60.6246306
-3.931421843,10.06458249,66.72403832
-6.006502347,6.532010557,48.89923052
-17.39359845,-3.90291892,24.21617579
-6.821495701,5.437470337,51.64481728
-1.728534524,11.90504013,67.76772544
-2.867399154,10.40092803,-2.383984375
10.90270526,17.94957619,21.81111255
-16.02418836,-4.353948251,30.01427883
-15.6252827,-4.291544262,31.64933938
-16.32021474,-4.362170691,28.23279662
-15.06477039,-4.129655648,33.1615036
-16.57927884,-4.36752655,26.29322341
-17.06875647,-4.589141918,24.24462385
-17.41800123,-4.752187541,22.57476084
-14.7256987,-4.122190639,34.20429017
-14.69430264,-4.179044518,34.73904012
-17.43679896,-4.732871036,22.01525232
-14.75375148,-4.517126699,36.86512058
-17.65194968,-4.787060457,19.56894774
-14.82221304,-4.845651178,39.07230802
-14.91431279,-5.172520082,41.37721983
-17.75630424,-4.809145473,16.86608821
-15.02825271,-5.487694966,43.78568862
-17.28990346,-4.486957373,13.65919114
-17.23046934,-4.45331429,13.33756429
-14.98852443,-5.552125496,45.7643512
-14.91480863,-5.49284208,46.43240901
-16.56138925,-4.210315841,9.859847045
-14.45051521,-4.998172229,49.4446716
-15.55824162,-4.116823801,6.353129538
-14.36946294,-4.901393586,50.22840405
-14.71376745,-4.22580319,4.296546624
-14.15424393,-4.614418889,52.57837933
-11.91847739,-6.311546997,-0.600976563
-13.88473316,-4.227259119,54.72777021
-13.64195256,-3.880058139,56.03110949
-10.33215179,-3.429853297,-1.6765625
-13.18448196,-3.208483588,58.57339189
-10.27696137,-3.329440591,-1.703515625
-13.01836132,-2.956089724,59.70360488
-8.771837824,-0.590963504,-2.432324219
-12.41369182,-2.100082346,62.32405629
-12.28572921,-1.910689633,63.48028227
-13.58742135,-3.630351976,68.86620415
-12.80025088,-2.55297922,66.27625327
-13.94351617,-4.348083786,71.74160594
-7.231584368,2.214914687,-2.941503906
-13.48458888,-4.392742745,74.60070443
-13.27567186,-4.188971218,75.13644662
-5.86980446,5.733809434,52.04396508
-4.819021487,6.810214011,49.35519462
-6.049571419,5.739684671,55.30719375
-2.936672858,8.858366085,47.08392641
-5.700763462,5.005269623,-3.334863281
-2.557314497,9.273404786,46.75598798
-6.038660526,5.834243564,56.59391142
-11.76310596,-2.371753091,76.46486458
-5.697731552,5.010793907,-3.335742188
-5.745494133,6.333443356,58.87645995
-10.70405476,-0.96629512,76.40216927
-0.465351127,11.49388947,44.9227578
-4.203524187,7.740365285,-3.315136719
0.385130612,12.36604476,44.19693701
-5.250292969,7.029154272,60.24598152
-9.783123399,0.273888463,76.21320443
-4.278805519,8.35882324,63.158003
-2.778052921,10.35735837,-2.413378906
2.778277917,14.96167261,43.3367103
-4.223948913,8.431202825,63.29020783
-7.783033921,2.968127618,75.79689583
-2.653814556,10.58533895,-2.341992188
3.569580207,15.87189912,43.34941086
-6.111923414,5.205899829,75.54836068
-1.351442624,12.97622703,-1.525488281
5.349505785,17.53576739,41.87880204
-3.07973068,9.897562775,66.04710879
-5.798202771,5.625466686,75.5056849
6.183678727,17.86996092,39.71733658
8.023954637,17.80836935,33.65933808
9.675979715,17.79184696,29.26937149
10.29490214,17.71484882,25.46071795
10.89843302,17.92429132,21.81476092
0.266174129,15.46903843,0.139310991
10.90666087,17.92915057,21.77827237
-1.526891944,11.84436952,67.63905808
-3.825477797,8.253588219,75.31330208
2.241059772,16.63410039,0.841725136
11.54442562,18.36342765,18.28728335
-0.337266403,13.33294215,68.45782103
3.802491839,17.62350735,1.365804329
11.97403028,18.74975006,16.23206499
0.101552128,13.87010638,68.96329295
-1.840906778,10.91030965,75.02414193
-1.194098444,11.78627779,74.85461068
12.35427279,19.12464271,14.8826079
6.351424442,19.00063933,2.346694275
7.685034873,19.44718659,3.081697166
13.02867197,19.93712625,12.2512555
1.42521401,15.44510211,71.04351287
0.148320649,13.5782793,74.69689583
13.07297387,20.04178858,11.80048435
8.729464575,19.67279653,3.839703145
11.35294349,19.79075227,7.367653998
10.22997424,19.76325273,5.499999465
12.49392854,20.07227966,9.409017796
1.813858903,15.90049855,71.76384682
1.863381844,15.87297915,73.75739059
-5.690171675,4.999813014,-3.336621094
-4.149164732,8.427037755,63.2163604
-2.491606196,8.952779529,47.25431852
0.435070724,13.78728405,68.73055704
-5.335134678,5.972628276,55.6171976
6.342777201,17.32776032,39.63349997
13.19366881,19.45792046,11.86166165
-12.28462949,-2.787939785,63.16578687
-12.9394406,-3.965320046,59.36618645
-4.405411126,6.920650798,59.49640511
8.188986476,16.88733184,33.66497903
-12.85573749,-5.027836046,74.94015755
12.15801069,17.80958233,15.14823238
-9.355592731,-3.956690543,-1.7125
-3.772169378,6.53143204,52.98924833
1.019786486,11.31811559,45.34766186
-16.73620615,-5.881950938,22.04438657
-2.675741606,7.404072303,50.22840405
-13.15665808,-5.45178528,55.6548656
9.773672921,16.07450814,29.45617375
-4.696315203,4.71804645,75.57726693
-13.50832609,-5.499471618,34.77635307
11.34596338,15.8037404,18.78783974
-0.829644871,9.36093229,64.41849457
3.806952995,14.73759564,69.5745793
10.46545491,14.78174426,25.8819079
-11.65827901,-5.010796976,65.71262285
4.297149854,15.03698108,73.81314103
-13.26252612,-7.384045443,46.40686807
13.47291555,17.49449314,9.562428871
-1.15057943,7.876831764,60.81738161
1.111941163,11.6955853,-1.887011719
-1.798308136,6.691627912,57.005358
5.407789314,15.57259737,72.12985104
-13.39827967,-6.441370748,31.67345442
-13.04708764,-6.476526449,33.19877723
-15.33914406,-7.16066042,24.29082913
-13.66343514,-6.387198394,30.00794788
-14.03881043,-6.469093283,28.20961661
-14.56486297,-6.703453029,26.29322341
-15.74409926,-7.331180292,22.06623247
-12.58742746,-6.443912607,34.80537531
-15.72173117,-7.294683905,21.7490738
-12.58240855,-6.443518798,34.83854473
-12.49691738,-6.634034631,36.95667102
-15.68731265,-7.163812439,19.53197325
-12.40621085,-6.794604808,39.20624325
-15.70871774,-7.121206398,16.78818886
-12.43903452,-7.050405447,41.54152811
-12.82877077,-7.668480413,43.84925991
-15.55986788,-7.051042823,13.69578883
-12.85142339,-7.836381753,46.40686807
-15.43276316,-7.010051246,12.52634557
-12.83009977,-7.816116714,46.53032266
-14.89274028,-6.823055453,9.937048082
-12.51334895,-7.506985506,49.30406295
-13.42199508,-6.685661146,5.451884678
-12.52113495,-7.524054441,51.90388023
-12.52886259,-7.531783855,52.17127374
-12.98842201,-6.793075699,4.411695365
-12.45029984,-7.380636308,55.23171124
-9.176099599,-7.730390272,-1.041992188
-12.2566211,-7.085681253,56.96384891
-12.13164914,-6.873614754,58.58979422
-7.979287441,-5.55570848,-1.814550781
-7.597092098,-4.860738503,-2.027539063
-11.80096705,-6.355737614,61.50061645
-11.65140526,-6.145617444,62.1426991
-11.28013388,-5.614300629,65.6006459
-6.047511663,-2.039512657,-2.651464844
-11.3507547,-5.707526484,66.40146365
-11.63340056,-6.119243323,68.48237535
-11.94952659,-6.755365984,71.34795548
-11.3496392,-6.701534374,74.6300013
-4.492938695,0.78993087,-3.336523438
-11.1286182,-6.475131797,75.11603646
-3.839785896,1.979219713,-3.590429688
-2.976062828,3.557339321,-3.558300781
-9.340772717,-4.29378213,76.43703255
-8.173971987,-2.721874167,76.19298958
-0.102665751,7.91676782,51.2410794
-1.007546312,7.052736484,54.0708973
1.219967159,9.222127057,48.54123729
-1.488247967,6.276925134,-3.422851563
1.622915438,9.616361816,47.85083205
-1.457910728,6.677727161,56.64800311
-7.349407841,-1.620635796,76.09220833
-1.451017288,6.718062936,57.12566773
2.839783555,10.75412132,45.78136443
-0.018038077,8.967539415,-3.07109375
5.086161908,12.94717056,43.51031712
-0.749752,7.795490647,60.50797807
-5.378148482,1.00394196,75.91183724
5.420381228,13.26900059,43.22242237
-0.583624759,8.028705374,61.03772922
7.247326936,14.34047615,39.21880226
8.672337042,14.17236477,33.6847138
10.00831653,14.08985761,29.6452673
10.59609506,14.02769879,25.9720262
1.388609783,11.55355819,-1.937792969
10.73011638,13.99262573,24.40444384
0.250781178,9.159144916,63.57318137
-3.39431725,3.658862147,75.62882943
1.463703576,11.6918832,-1.858886719
-3.092664605,4.063348469,75.57990365
10.89553606,14.00452077,22.49500766
0.900425381,9.996005802,65.05610181
11.42659375,14.33557948,19.02865688
2.803683472,14.00312918,0.046375938
11.70110581,14.56455652,17.44866117
1.606792014,10.89529213,65.66412883
-1.396830349,6.346800471,75.23390755
12.0237539,14.87808023,15.67299503
4.975173765,15.13068359,0.858498713
6.142756674,15.85730616,1.249543464
12.82308409,15.69355938,13.22445621
3.237674464,12.95493068,66.97906518
0.597011481,9.025937644,74.86877083
13.25741512,16.14671162,12.32719245
1.648247436,10.42201517,74.79914193
9.009364729,17.38237889,2.33790538
13.58181588,16.90796762,9.614814095
9.547295588,17.55114533,2.623312397
13.24710764,16.96943222,8.400876143
4.561853812,14.56361888,69.05667648
2.553945874,11.61589488,74.8056849
12.97738274,17.08997257,7.424680371
12.17665812,17.35888686,5.503209227
11.02697106,17.63181721,3.82130941
4.844785444,14.88689664,69.78167731
5.466595819,15.55277744,72.09535155
4.735048239,14.53530371,73.99122563
5.471526989,15.55717747,72.13298519
4.921233054,14.78120859,73.81900172
1.796042775,10.8437386,65.54082747
-12.38935729,-7.7897491,52.13308536
1.598865258,9.212476082,48.66483213
-12.27692228,-6.745791467,34.81366755
3.968223184,12.68909154,66.59233906
1.042483594,7.978542993,51.64056913
13.36339283,16.22657476,7.458257106
0.113181634,6.974919923,54.40798976
-11.15392242,-7.1541516,61.92925158
13.22074965,14.7488405,12.54446947
11.12510734,12.79212708,22.65083162
6.297053748,12.0463387,43.16740591
12.17542415,13.03955531,15.95056311
-11.55463134,-8.819370726,46.49200738
2.196401648,8.771977966,62.0874175
1.721144901,7.436536313,58.37638682
-9.067507453,-7.89954926,74.55509896
-12.72239421,-8.482807046,26.25877336
7.213386372,13.70990441,67.54947755
4.73497281,9.801865038,74.9931849
8.470427257,11.28131937,38.93005685
13.55301261,12.76660886,10.13044173
9.653192705,10.86738556,33.72695786
-11.25351711,-8.665675712,31.70056188
-10.89599293,-8.698940033,33.23886534
-11.55197674,-8.640292377,30.02377319
-13.1978139,-9.390962699,24.24462385
-13.83456494,-9.752514889,22.05895096
-11.88306924,-8.684156342,28.2029915
-13.91785307,-9.775589635,21.29199073
-12.57934347,-9.00062313,25.61421507
-11.9049383,-8.65923145,27.82038121
-10.40448453,-8.524584294,34.19875183
-12.31209588,-8.838424037,26.24843421
-10.23207547,-8.464573636,34.88830124
-13.92076195,-9.699965622,19.55785593
-9.932385556,-8.437805288,37.09403269
-9.761477694,-8.501448534,39.39467516
-13.79375086,-9.5386206,16.75851512
-9.705972032,-8.644786097,41.79023774
-13.72590482,-9.533751202,13.68846851
-9.890856533,-9.012667203,44.20542012
-13.56195791,-9.500537572,12.00576887
-9.975763728,-9.151937408,44.97372981
-10.13224433,-9.410303548,46.69637331
-13.16902294,-9.393134699,9.989736685
-10.2574488,-9.626873911,49.34667277
-10.35766789,-9.760528023,52.12884198
-11.14626021,-9.203498563,4.592950298
-10.41526306,-9.826396967,52.87069935
-11.07957097,-9.217540674,4.455362637
-10.3981548,-9.767629158,55.06806666
-6.424208783,-9.133575746,-1.599804688
-10.10336862,-9.315798315,57.79585064
-10.03025549,-9.202195964,58.41335002
-5.937289296,-8.250212019,-2.009179688
-9.663392919,-8.621483476,61.84212354
-4.841086831,-6.257153338,-2.6359375
-9.630331801,-8.566867016,62.28072787
-9.323237918,-8.120147511,65.24825229
-3.326519904,-3.49354496,-2.829394531
-9.23161862,-8.018095442,67.38416413
-9.279534943,-8.109903808,68.37000219
-9.281302753,-8.351679749,71.35762053
-1.795633641,-0.703080614,-3.223339844
-8.623929668,-8.153073133,74.33180588
-8.531343776,-8.095937696,74.56271615
-1.002182444,0.741765675,-3.525292969
-0.266121853,2.085120224,-3.600585938
-6.912429347,-6.201269101,76.35988412
-5.044114254,-3.725832667,76.27902474
1.213155269,4.790657477,-3.360058594
-4.9496573,-3.597222894,76.24914193
4.894505447,8.998464464,49.70881203
5.935170304,9.760809339,46.51329345
3.930977521,8.171763426,52.67584725
3.13165393,7.442126351,55.55858756
7.3065383,10.71553555,43.12932183
8.546796455,11.13341899,38.92169089
9.655352748,10.86182773,33.72695786
2.688853806,7.490303746,-3.07578125
9.68623984,10.85267635,33.6395862
3.030533716,7.42298305,56.95554569
-2.964223978,-0.93842151,75.95295052
10.7127461,10.67833998,29.92237205
11.22724177,10.59268502,26.36205957
3.308114964,7.911689503,59.03177623
11.58691686,10.62552878,22.91120969
4.117529462,10.11257113,-2.21328125
11.81669651,10.72069415,20.22614321
3.695333051,8.496581864,60.90959421
-0.985421522,1.704380797,75.71086068
11.86742968,10.7527179,19.55785593
4.461958983,10.74864268,-1.741308594
-0.269917347,2.674530231,75.51476693
12.33407508,11.16505468,16.23577034
4.478201934,9.558265181,62.97482799
5.50469609,12.50582299,0.049105824
12.64246784,11.4999233,14.44437402
4.821523546,10.0067868,63.58478451
1.023219286,4.419260277,75.22472787
12.98944288,11.89161573,13.03132137
7.872002384,13.84410981,0.883675301
13.55105662,12.75763785,10.13044173
8.431445568,14.19807084,1.063275294
13.55314621,12.76139488,10.11987873
6.216414818,11.79146106,65.5146357
3.00198748,7.06197804,74.98293099
14.08371116,13.89738301,7.589430276
11.50483554,15.56766311,2.332047463
11.71988327,15.62476786,2.44941083
14.20212511,14.59387425,6.248376873
7.617772628,13.53935728,67.37336109
4.948265388,9.62617303,75.00714974
5.015779406,9.715901491,75.00216927
14.01485713,14.84456482,5.51926199
7.803276551,13.76518274,67.6819904
13.2538997,15.5116519,3.809052424
8.524663938,14.55983689,70.27230834
8.529400326,14.55929645,70.3888555
6.974060083,12.36800769,74.45178586
7.903123936,13.59108345,73.85413476
8.551413569,14.48483088,72.26429309
8.715509296,14.49957803,70.2856491
-10.92486285,-9.442092768,4.461605182
3.769867087,7.613511667,55.82636501
5.34833343,9.825849631,63.2940923
11.99192161,10.17359509,19.62809616
-9.342124965,-9.265276946,44.27329035
-4.349770336,-4.079905191,76.25929818
12.78949417,10.57596594,13.27917304
11.03075725,9.7422779,29.98578085
14.53263279,13.89298399,5.538533996
5.3177107,8.128545092,53.12467837
-9.054832795,-10.45118763,52.29005835
5.344449542,8.110129211,59.71578008
-12.60807093,-10.98622259,22.01525232
-8.061777937,-9.549814262,61.98069085
-11.73792601,-10.80724025,24.20194777
14.10839061,10.8067043,7.890093203
14.56468832,13.2819606,3.833570799
-4.107757863,-10.30300994,-2.13515625
13.02084552,8.744331343,10.76357854
12.51979444,7.837409393,16.76964262
12.18293678,7.796628024,26.59888271
-8.564676201,-10.46878264,33.27889886
-9.482741677,-10.93101661,30.04591703
-10.0208779,-11.15170741,28.23610705
-8.872984839,-10.67640097,31.72162938
-10.17233464,-11.14319177,26.99805477
-8.456655749,-10.60919294,33.12705524
-8.387103502,-10.5847019,33.28175631
-10.30885931,-11.18357328,26.24843421
-10.9360482,-11.52162085,24.16992502
-11.48022896,-11.8112333,21.93509596
-7.716901498,-10.32791514,34.98782305
-11.74685359,-11.90855377,19.45800917
-7.186666034,-10.0556866,37.26892051
-11.79850804,-11.89231713,16.69917153
-7.032322941,-10.11672653,39.61254395
-7.086026191,-10.36015896,42.00535906
-11.53023332,-11.73280414,13.54580099
-11.47549631,-11.72276198,12.86031703
-7.064252746,-10.38680242,42.80786353
-7.063801992,-10.47705623,44.52788652
-11.13369843,-11.72306337,9.908964546
-7.139374452,-10.65621363,47.12652241
-7.24758057,-10.8245673,49.81956531
-9.252383619,-11.7048417,4.527217718
-8.100997431,-12.09468109,2.584913931
-7.350029037,-10.95066651,51.1262764
-7.443268308,-11.05433982,52.56142562
-7.349956762,-10.87232726,55.60463987
-3.766845094,-10.70948292,-2.161816406
-3.665853723,-10.52612479,-2.237207031
-7.173079104,-10.61892034,56.55228968
-6.83095983,-10.09663962,59.06036352
-2.100767137,-7.679381451,-3.051660156
-6.852864114,-10.04656908,61.39708752
-6.860594948,-10.03406425,62.15848651
-6.662680682,-9.722352096,65.40598996
-0.597063617,-4.933649361,-3.111523438
-6.567131465,-9.603421904,66.61431435
-6.487065727,-9.551781445,68.54544463
-6.295986603,-9.564570287,71.54065146
0.90842037,-2.18498645,-3.193164063
-6.100050624,-9.593760051,73.09911853
-5.679360062,-9.44811268,74.5119349
1.893967462,-0.388467969,-3.441015625
2.442371994,0.610521281,-3.624902344
-4.458438337,-8.046802213,76.07297005
3.916282209,3.307225481,-3.318554688
-2.53552723,-5.539079102,76.2884974
-2.187226016,-5.071865413,76.2306849
10.85020693,7.753611656,33.77476094
10.00501356,8.13265869,38.74186973
9.145382915,8.10420801,43.01086042
8.302558014,7.811361018,46.70488948
11.82743069,7.600317845,30.1185799
7.698944019,7.62271439,50.19859864
12.30262118,7.506734938,26.61942704
5.358878321,5.952400447,-2.627148438
12.32731151,7.480418187,26.13803164
7.564123177,7.573634847,51.06248695
-0.561428003,-2.907639242,76.08488412
7.187978934,7.396984942,53.48834374
12.53342381,7.445100781,23.23569373
6.92488594,7.373700659,56.75612969
12.80149326,7.560163081,19.89778271
12.55064518,7.383977559,16.84012087
6.794091433,8.585424913,-1.845117188
12.44861678,7.336318168,15.80619669
6.996483963,7.601004565,58.67177136
1.431696882,-0.230246951,75.72570443
6.799690996,8.595738152,-1.839257813
12.64548077,7.601442138,13.78732537
7.245308558,8.004867557,60.24194511
2.526677651,1.25294145,75.43673958
13.03295279,8.216429927,10.83466102
8.17897149,11.03606529,0.03000104
13.11083072,8.362010972,10.29261078
7.767543535,8.74737663,62.28072787
3.430726804,2.461401885,75.31828255
13.93752529,9.542103645,8.042801296
10.32548327,11.97529235,0.88087694
8.641371015,9.894042523,64.15460952
11.01216503,12.36239494,1.122425167
14.41536581,10.17972038,7.337491215
8.990580243,10.34162187,64.63561237
5.398658325,5.077937032,75.16515755
14.94992643,11.40814384,5.667255719
13.57664916,13.24197341,2.332047463
14.74218942,12.57181061,3.851971139
10.32203867,12.0154209,66.65091727
7.350173112,7.654787697,75.14650521
8.157248179,8.726500948,75.09386849
11.07175458,12.92352538,68.0770548
11.37503227,13.25361797,69.27709117
9.350397098,10.34933449,74.72922005
11.41186985,13.23894736,70.39550273
10.51206248,11.91556925,73.78088075
11.18837685,12.84961366,72.23933127
6.80989791,8.576088231,-1.841113281
-8.345575295,-11.09505178,31.72463787
-6.114437914,-11.16799724,50.02400512
-6.048287912,-10.91800338,42.10663547
-6.005440178,-11.05530307,55.93921323
12.63758186,6.025322571,14.04393861
-10.43627641,-12.76251415,13.45808149
-4.977811697,-10.20257231,65.68651627
-8.088368669,-12.05722284,30.0395916
15.1612753,8.743201402,5.831982682
13.24374383,5.302570848,23.44060544
-8.089011137,-12.95892697,28.2195524
-4.501725172,-11.34448907,39.84732291
14.31337162,5.948505614,8.380349425
-7.671928659,-13.2009698,28.20630418
-8.138968917,-13.38839899,26.21740531
-6.904544438,-12.77302917,30.02377319
-8.505822725,-13.51367076,24.05952237
-6.05178923,-12.28649816,31.72463787
-8.766463767,-13.57783338,21.70891466
-5.227264833,-11.85662186,33.33314296
-9.073094301,-13.71594605,19.19898633
-4.666576877,-11.66267128,35.14127688
-9.261238774,-13.81610311,16.44702766
-4.251509189,-11.47643798,37.48555014
-9.156731808,-13.74537559,14.84942877
-4.101967779,-11.45429,39.09741704
-4.098414422,-11.50986114,39.88926426
-9.116666559,-13.76112223,13.31566437
-4.165879753,-11.74003538,42.32616064
-4.273861243,-11.97892216,44.83781481
-8.672604738,-13.72265317,9.660249665
-4.238120889,-12.00376014,47.51420441
-6.860410321,-13.75719459,4.392997192
-6.300319298,-13.88145406,3.419155606
-4.162182974,-11.92340073,48.82251948
-4.1738342,-11.93558633,50.33484373
-4.169399812,-11.88654843,53.23890087
-1.328932039,-12.67892091,-2.227148438
-0.932566542,-11.9599261,-2.566308594
-4.094852893,-11.74870895,54.89168589
-4.04131343,-11.63483,56.32317491
-3.744172779,-11.13665257,59.61021344
0.634853848,-9.10934162,-3.409375
-3.739643067,-11.12925596,59.65488955
-3.46710712,-10.67771877,62.89673444
2.157511388,-6.332419871,-3.70234375
-3.440234621,-10.61185506,64.58996977
-3.386693234,-10.53646797,65.98409551
-3.384813551,-10.60761645,68.90437605
-3.56421922,-11.08317701,71.57584058
3.645309519,-3.612861712,-3.566699219
-3.572975924,-11.20060395,72.2455739
-3.090436258,-11.10739073,74.36615244
4.534462005,-1.986903723,-3.440136719
5.138425749,-0.884550939,-3.496289063
-2.01405741,-9.915566574,75.86476693
6.604651803,1.799508046,-3.095507813
-0.120839296,-7.479585569,76.32326302
11.45330742,5.129509765,38.57467425
12.19740645,4.790969119,33.82809578
10.90536436,5.395856632,42.84591769
13.05788435,4.613672056,30.28546139
0.737609395,-6.332743969,76.21574349
10.40329714,5.507431011,46.68785721
13.47795642,4.497595958,26.8414805
13.42030642,4.215592947,23.5769473
9.942473984,5.49177023,50.23266189
8.049353948,4.44814877,-2.429980469
13.34878557,4.076923733,21.24436576
9.799935713,5.509900824,51.70428742
1.851248674,-4.85301165,76.13615365
13.47803805,4.164138171,20.33302355
9.695442053,5.612671165,53.69111704
13.64375861,4.309344434,17.11467111
12.97254646,3.88290136,14.32303734
9.244077206,6.638154819,-1.902539063
9.791303318,6.062396722,57.19200265
9.488901147,7.088305847,-1.701171875
13.11705257,4.180032264,11.90126878
9.839887315,6.159099243,57.65133758
3.834582484,-2.199270371,75.85705208
13.33497329,4.418341831,11.31616617
10.20473474,6.802907133,60.68490961
5.604326554,0.183552804,75.49709115
14.37244278,5.761590513,8.390611805
10.99318508,9.361926135,0.144785439
14.40610099,5.808756763,8.311983745
10.37197495,7.060656036,61.88569963
5.832500822,0.489708306,75.45861458
12.6038691,9.876252793,0.866888743
11.1053005,8.038689517,64.18143271
15.4475279,7.546882954,5.893524482
13.55572701,10.53066758,1.159096436
15.66366264,8.062418804,5.288739559
11.40576542,8.423724768,64.69261548
7.806483878,3.120836577,75.25617318
16.00058163,9.384157327,3.913377141
15.67425395,10.94678412,2.332047463
12.58436065,9.89069032,67.05529901
9.761441276,5.706012417,75.20929818
12.89389265,10.26240213,67.73202354
10.82748929,7.146569918,74.95363412
13.44617874,10.85014586,70.10509149
11.90787797,8.641493914,74.16216021
13.44244066,10.84203495,70.16204009
12.39714581,9.304595195,73.50931374
13.08071373,10.26993647,71.96322503
13.46282829,10.79346299,70.15199743
-3.66578215,-11.16373432,59.62646155
13.37789093,3.607305109,20.44720893
13.30035573,3.693071291,11.42713859
-6.206956528,-14.16841515,4.330740955
12.77017358,8.52658289,73.41114101
13.43643777,9.327001255,71.82095718
6.516258916,-0.083781425,75.52961068
-3.210831669,-11.86833371,37.5688999
13.28469937,8.979291222,67.47049281
-2.452496132,-11.7390708,71.57903746
-1.824446621,-10.8963695,63.27855307
-2.534699962,-12.16725281,35.2698706
-2.045035283,-12.44971744,53.67000188
-7.54693834,-15.07504859,16.26911999
12.5857572,3.265522772,38.53288733
13.74667845,1.498848472,17.57855546
-2.439335202,-12.4046969,33.37874459
7.377631831,-2.154499633,-3.231347656
-0.689607664,-11.64129319,69.16016081
-1.688012289,-13.28574593,47.83804783
14.01631207,6.767060668,69.32512985
9.259623335,0.288426905,-2.751171875
13.40846537,0.293806214,14.81994085
13.79881547,2.093678396,33.89532771
-4.900356307,-14.69637034,25.98587822
-4.235041391,-14.31789691,28.02373718
-5.513751357,-15.04292056,23.80965507
-3.45889573,-13.85304662,29.92237205
-6.01936984,-15.3188672,21.46769604
-6.543902533,-15.64021567,18.9805054
-2.476407885,-13.21373133,31.70357238
-6.770516265,-15.77949742,16.79931684
-2.230567851,-13.04477018,32.06869902
-6.723883252,-15.74022842,16.19130835
-1.471072988,-12.56273556,33.39582694
-1.142419889,-12.52345373,35.35699582
-1.091010676,-12.65922553,37.7565005
-6.389518079,-15.54320096,12.96216126
-0.895237453,-12.60648739,40.25436601
-1.14259098,-12.99775883,42.69794959
-1.487849888,-13.48082193,45.15216779
-5.943493541,-15.51257451,9.304637487
-5.137673787,-15.53685252,6.192832753
-1.409394583,-13.43174559,47.71020917
-1.385601682,-13.40412421,47.8849236
-4.197456438,-15.58804956,4.178675544
-1.05393792,-12.98042659,50.88809442
1.442970956,-14.03669683,-2.183398438
1.77835059,-13.43053644,-2.6203125
-0.973286442,-12.83229338,53.03580905
-0.894786261,-12.70756724,53.91905291
-0.627091309,-12.25302299,57.12152078
3.357740139,-10.56025673,-3.610644531
-0.5329016,-12.11051236,57.68851315
0.0980506,-11.18664334,60.70900997
4.875332035,-7.79166984,-3.841210938
0.109998579,-11.14091292,61.61991095
0.040865968,-11.17655674,63.68911974
0.003906822,-11.20907223,66.60332797
6.356047689,-5.08376699,-3.618554688
-0.160436619,-11.4611026,68.281989
-0.357962039,-11.75865262,69.19114942
-0.773500173,-12.5303431,71.63971053
-0.229475147,-12.44473001,74.337534
7.816768368,-2.408767649,-3.150097656
0.440944939,-11.75865262,75.56955208
13.19762119,2.473931652,38.54960153
13.80597043,2.082696407,33.89532771
9.282905221,0.275146026,-2.748046875
13.81117536,2.080310886,33.87573431
12.93536082,2.650189446,40.87633241
2.279082549,-9.455749949,76.47873177
12.80739395,-0.298966952,21.23703742
13.54984133,0.381336119,24.14856908
12.80194984,2.863900849,42.77826834
14.39036704,1.709433388,30.43279527
14.35726084,1.246691692,27.13720485
9.792935304,1.209156177,-2.584570313
12.61218142,3.346229322,46.75172967
13.26913798,0.065617499,17.93853048
12.25339723,3.45099149,50.31781427
3.930481408,-7.257740541,76.33283333
13.40800593,0.262328794,14.82731241
10.7480332,2.957398634,-2.333691406
13.32539231,0.211525604,14.49955552
12.07542329,3.478184238,52.2391551
4.245931104,-6.841862238,76.3346888
12.02728062,3.590709412,53.74600864
13.60626618,0.612850434,11.82567002
11.61593493,4.547747151,-1.989355469
12.19225826,4.128105183,57.26244972
12.18435234,5.592244201,-1.565136719
14.46738627,1.529781877,9.93353699
12.24619296,4.237823117,57.80823009
6.203683258,-4.249936263,76.26496224
15.08977317,2.25818437,8.68562571
12.61913072,4.883595707,60.72105773
13.65594603,7.878200479,0.122892792
15.98732975,3.483250921,6.900649536
12.80647426,5.167673932,61.93320965
8.203475807,-1.556429819,75.85119271
16.3725871,4.132303036,6.065686679
8.86100443,-0.661475881,75.64552865
13.20926281,5.720651431,63.98189595
15.73557713,8.897765413,0.906070879
15.93858793,9.018089405,0.973350579
17.47664579,6.104497323,4.389881785
13.59402879,6.210906125,65.3159102
10.19412627,1.115002165,75.51213021
17.81750571,6.811256723,3.934895234
13.84976639,6.506344547,66.92453465
17.99777642,8.92358442,2.329118909
13.99565034,6.592877453,69.28052462
14.00333993,6.588126806,69.54051151
12.2817827,4.009872084,74.43753673
12.37843366,4.141921433,74.37187169
13.8621895,6.295891247,71.27698143
13.43471184,5.62176433,72.97804901
12.79991398,-0.515795925,21.27367532
12.45923655,3.92947489,74.34326065
13.56133807,0.038294646,24.19839035
-2.111180892,-13.31919534,31.70056188
-0.04909119,-12.19936708,57.30801443
11.17029458,2.715623295,-2.270898438
13.83710539,5.371386644,71.0825505
0.85423472,-11.18577532,60.92161485
4.911491768,-7.402522079,76.40988412
13.54410184,4.226034317,72.74027368
1.136535511,-11.42655187,66.80434041
14.57077427,0.067347439,27.25568563
-2.064861318,-14.19044142,29.87474323
14.92413324,0.502833775,30.49530289
-2.597025834,-14.59325558,27.91050362
-3.200153153,-15.05093518,25.82638184
-3.842596034,-15.56357951,23.62712374
-5.210871816,-16.63280154,18.85824744
-4.480347511,-16.14433697,21.31030376
12.94402678,-2.311001451,18.42451698
13.89229998,1.461014752,42.75290278
16.96272869,2.23975281,6.153669473
1.160912383,-13.3829712,51.38136139
2.199965434,-12.74299319,74.5018763
14.7634298,4.289997437,66.50433675
-4.006660944,-16.72193112,9.047936203
15.61585885,-0.262699326,8.902736976
3.013925807,-11.15177447,64.47952038
19.06209916,4.588160329,3.965658739
1.069114931,-14.28569801,45.55597342
14.57194361,2.757647446,68.44729306
1.903881246,-13.91905569,43.14624766
4.281581644,-14.89595548,-2.067480469
-3.735965572,-17.34192168,18.66181892
-2.845879205,-16.71633,21.09406096
-1.845259563,-16.02066804,23.38313418
-3.875750663,-17.4185046,15.82100049
0.375159714,-14.59749902,29.77292878
-0.861819862,-15.34224772,25.57587651
-0.17061769,-14.90602492,27.72673376
1.036403662,-14.19831695,31.67948031
1.873536043,-13.65376727,33.46405702
2.225072793,-13.53120291,35.58108477
2.310568321,-13.5818557,38.09858244
-3.385977756,-17.10695109,12.50097739
2.424811718,-13.56365542,40.67869703
-3.283387183,-17.09664665,11.31616617
2.420121678,-13.57329601,40.81745074
2.142685251,-13.9494499,43.18856523
-3.064581627,-17.18035916,8.902736976
1.862987487,-14.31512069,45.73032598
-1.251951593,-17.16232223,3.910304227
2.194086248,-13.91191574,48.66483213
4.433031521,-14.99369245,-1.983300781
2.417247302,-13.61137163,50.17305037
4.473393891,-14.92102802,-2.055273438
2.405070021,-13.5878267,51.66180952
2.555260116,-13.29254288,54.72777021
6.055159692,-12.05308086,-3.498828125
2.737230562,-13.02979127,55.51671188
3.619982506,-11.77368339,58.52006857
7.587127763,-9.260836953,-3.906152344
3.683967648,-11.68380429,58.70454605
4.284443014,-10.7895365,62.01628275
9.043473681,-6.593037254,-3.383984375
4.24063365,-10.82396711,62.81464278
4.183382199,-10.86334071,64.87464859
3.102382321,-12.37302912,69.70034317
3.915994897,-11.22751483,67.50282211
2.661748118,-13.19499947,72.00104028
10.46959572,-3.97497166,-2.490039063
3.031041964,-13.07470719,73.70150649
12.72550297,-4.301744234,21.90228918
13.68260129,-3.459840865,24.69124366
3.68302871,-12.49404378,74.7565638
12.61798263,-4.393006506,18.85824744
14.77619592,-2.38545226,27.52878739
15.0596443,-0.046398496,38.57467425
15.5873586,-1.314504251,30.59196757
15.55146103,-0.49248371,33.97077995
14.66527488,0.292054227,42.69372274
11.94801085,-1.270853316,-2.238964844
13.22911306,-3.868371405,16.35065233
14.48575758,0.451321678,44.79110177
4.772378001,-11.20631073,75.87013802
14.33890804,0.552685342,46.46646474
13.39918843,-3.709245697,15.50288336
14.40345095,1.193931553,50.27523912
13.38899686,1.371671518,-1.527832031
14.57748791,-2.597257865,12.1717651
14.46466261,1.546002217,52.43424715
6.662495545,-8.777810223,76.35392708
14.61055005,-2.565392632,12.10316654
6.884274744,-8.482330092,76.33214974
14.41043821,1.637572346,53.83887604
14.55728682,2.145403752,57.29973103
15.94429044,-1.108005572,8.954552117
14.81030533,3.981814371,-0.574902344
16.09074291,-0.924237378,8.606571407
14.64822146,2.31179938,57.97729758
8.606434113,-6.219267143,76.39728646
15.16072432,3.131307223,60.84545649
17.34686723,0.780954744,6.235301054
16.41120432,6.081130662,0.248964246
17.73201092,1.358417042,5.660809671
15.32393918,3.374813493,61.77076542
10.59495601,-3.5530142,76.07589974
11.50998161,-2.268056155,75.49484505
15.57751405,3.742200551,63.95114109
18.1922706,7.034380138,0.903270586
15.3422699,3.422209963,66.38307047
19.30341026,3.881054545,3.9810508
14.66990905,2.494078478,68.39812541
18.51496401,7.136233666,1.046395292
19.49760997,4.195498692,3.84276973
14.22211659,1.844058249,69.82227258
12.72296576,-0.549669586,74.61261849
14.09429264,1.647768905,70.31564594
13.84890081,1.18000998,72.20497093
13.41353236,0.447438417,73.86290969
20.03219238,6.553537398,2.329118909
2.461784814,-13.57247821,40.68290089
14.10206846,1.538742703,70.29231744
3.832070307,-11.71742741,58.59799452
14.6683571,-2.73416624,12.11760429
4.728217803,-10.70362546,62.16637899
-2.81624153,-17.32691366,12.39956686
13.89751074,0.262546574,72.0325134
13.40121711,-4.492462173,15.63230663
14.66721454,-0.186093606,46.35578839
3.531219007,-13.28111919,55.01348882
5.131744401,-10.98954589,67.83547602
13.5772893,-0.693598425,73.68677793
12.77523596,-5.337092712,22.05895096
3.365951049,-13.85802515,38.21128621
7.453759874,-9.329713984,76.15158333
4.088625531,-13.15458226,72.21747067
6.20653772,-10.12277337,65.60438231
5.749633875,-11.73587091,75.23293099
3.727640035,-13.9793505,49.04412486
4.770139989,-12.29675022,70.03124868
13.81290281,-5.13138397,24.90646298
1.185919125,-15.48177721,25.33134868
12.43901289,-6.508723648,19.25450971
4.054210163,-14.33601566,35.69731061
2.186550244,-15.41770948,27.55567635
0.784323216,-16.35803884,23.0086727
13.95705037,-1.952648676,69.45519819
8.801591024,-8.618358818,66.66555054
3.031353153,-15.28451234,29.67083446
12.63150633,-4.719513348,74.9081263
8.140534433,-9.86056277,63.35621334
15.07926968,-5.371031545,27.83708395
4.259126464,-14.90069479,33.51512555
16.14799584,-0.431709881,53.68689414
8.333622404,-9.917721786,68.79322345
3.845823433,-15.24642736,31.66441343
0.499798931,-17.44642859,20.57236284
-0.91692,-18.49101911,15.31071605
15.15101083,-1.249438996,67.52077246
13.75377777,-3.294289471,71.28666975
7.567516831,-11.12262491,59.86987229
11.08626717,-6.856342693,67.65337364
-0.057196668,-18.19637924,18.0164538
2.474129152,-17.92649783,3.501023836
5.792097828,-14.38544269,46.6452778
0.102448218,-18.22226628,17.9867693
4.25686761,-15.44808179,31.66441343
4.800867448,-15.1357116,33.52646203
-0.478685618,-18.66225093,15.23684573
1.034630691,-17.5473608,20.48402792
3.888242406,-15.62844787,29.64207018
5.310662146,-14.81264005,35.78449489
3.508463775,-15.83184453,27.46486521
2.186634763,-16.70967186,22.82087832
3.082703197,-16.07809168,25.14908927
5.703277736,-14.49917829,38.46603814
-0.255271449,-18.56757426,11.99495309
5.946282303,-14.28189666,41.20035598
0.394885926,-18.37752794,8.305151989
5.905317743,-14.33387858,43.90436219
2.344423789,-17.97661042,3.757009375
5.83361171,-14.38952576,46.58141214
5.835003883,-14.38661867,46.65379354
2.540966554,-17.93083033,3.494952635
5.917440592,-14.21596629,49.55970632
7.895474391,-15.08808786,-1.799316406
5.989736147,-14.01777385,52.54023233
8.717654675,-13.60337701,-2.9578125
6.020620784,-13.95205833,53.18391026
6.680752296,-12.98512226,56.02275731
10.28370133,-10.75505304,-3.783984375
6.919311476,-12.65035264,56.65632323
11.72319926,-8.114977242,-3.054589844
7.897153255,-11.25634826,59.71578008
7.973820086,-11.14704099,59.97516697
12.84502034,-8.150601396,22.48050056
12.50492809,-8.423039258,19.56155325
14.06823484,-7.107329104,25.1385587
15.20576062,-6.020574986,27.89382771
13.14027921,-5.511791399,-2.049511719
12.77880393,-8.174816661,17.09240752
15.68430647,-5.455571862,29.60368357
8.85856405,-9.917587652,62.7246238
16.21893454,-4.831220735,30.81233961
16.21611443,-3.365953044,38.31984769
15.73923771,-3.24463193,42.16994703
13.16076403,-7.855189531,16.26541434
16.71775438,-3.649000995,33.99588768
15.41186297,-3.072760545,45.76860447
9.426824222,-9.164763501,63.90882856
7.783843327,-11.48197532,70.75898941
7.444671029,-12.21579574,72.8655363
14.60204944,-2.83506396,-1.593847656
14.50536189,-6.717315191,14.06962431
15.78413165,-2.153146629,49.1506603
10.12167912,-8.264290539,64.93141536
8.233754653,-10.84939965,70.13860248
7.508538409,-12.16705855,73.03865732
15.99538473,-1.805635065,49.81956531
9.387740027,-9.30496665,69.15671601
15.57789152,-5.769440791,12.39594691
16.35631312,-0.903607521,53.5939736
16.03252155,-0.209841103,-0.753515625
16.26527573,-5.119239697,11.17676673
16.30518724,-0.896439383,54.2816363
11.38968575,-6.662542291,67.12416256
10.75906535,-7.532559833,68.81408939
9.301555437,-10.17615369,74.55236458
11.59044483,-6.428534096,67.87465019
16.47568076,-0.434221195,56.99705712
17.11949706,-4.180190742,9.141469312
17.47315026,2.365828761,0.024544421
17.82787715,-3.244859835,7.354245949
16.79957642,0.108117338,58.80281424
11.18819668,-7.756062149,75.06466927
13.11723004,-4.509823518,68.67127788
18.23787376,-2.637497775,6.428580378
17.11131965,0.6024428,60.55224306
13.53764994,-4.137784856,71.07279581
12.66353567,-5.748670468,74.60822396
15.0513439,-1.982314842,67.30488031
19.15795593,3.878270752,0.524645674
19.6729748,-0.58422337,4.69334463
17.28760736,0.906932889,62.99043624
15.7666302,-1.051165502,66.72403832
13.78360633,-3.921103388,72.0639505
13.27646243,-4.851949559,74.07250786
17.25334164,0.87081919,63.48415569
13.74479711,-4.097512347,73.10515656
16.57912984,0.007685301,65.69024658
20.57521679,0.722223125,4.048857475
20.0397419,4.364993588,0.864091826
21.20372685,4.478727143,1.545281011
21.57841986,2.528177927,3.192797233
21.70508061,3.751379062,2.332047463
12.96530885,-4.76116578,68.58043921
7.578265784,-12.14517196,72.89903851
13.67362928,-4.519160383,73.02049027
8.179452424,-11.3238349,70.86067301
17.31508259,0.549134962,63.40276632
16.60054213,-0.658095814,65.50340671
10.6877902,-8.341501434,64.48333242
10.84053079,-8.281843757,69.67997978
6.608539118,-14.08899335,52.69279539
12.67613197,-6.097271865,70.50829667
16.16849688,-2.651704553,49.60656983
15.76226885,-4.242372089,41.95894984
13.04978081,-8.863601298,16.4655636
16.26173803,-4.422494488,38.17371455
16.30474068,-5.7783954,30.87107044
7.676749455,-12.98013932,56.31066837
11.94497863,-7.966836078,74.13327898
10.07995021,-10.32358216,73.53898358
14.4771665,-4.260662021,66.55935715
15.50457863,-4.788925229,45.33491033
1.838256936,-18.69112257,8.036004583
7.246580668,-14.54803156,44.15876485
13.01780328,-6.644878968,65.54830847
17.36808889,-1.213918979,60.02777218
16.8023818,-5.43311989,33.9763613
12.74530206,-7.523734534,72.33592912
10.94643206,-9.818179765,71.6205645
12.79858571,-10.21626519,22.80641756
18.8080072,-4.422062032,6.520613095
17.06989453,-2.780245361,56.37735881
4.362252915,-17.38427405,19.79807089
10.32827735,-14.73313832,-1.55390625
11.2160252,-10.46109142,61.10572415
12.46458135,-11.38066982,20.05649211
16.43763019,-4.037022322,64.4757081
3.884456825,-18.25519429,17.15919947
15.68960182,-8.785536804,12.85304595
8.905236502,-14.44266163,50.30504194
17.45073471,-3.047714063,62.31618025
8.751429164,-15.07939976,41.60895811
17.54742909,-7.29932015,9.468245418
13.41928279,-8.681105515,62.27678768
14.34194489,-10.61618624,25.56192928
3.054252546,-19.64879765,11.39132498
5.751308085,-17.6116725,22.32805677
6.645787122,-17.44929383,31.68851699
7.333026726,-16.99099836,33.5859067
6.363048568,-17.56500607,29.61968274
8.078348723,-16.40852697,35.95890338
6.131226529,-17.65442771,27.36713536
8.729823052,-15.79103118,38.77531806
5.970125949,-17.69392049,24.93111723
3.529506691,-19.42030759,14.42230634
3.461521112,-19.48793727,13.38137554
3.941458531,-19.09093769,15.65080064
5.928950161,-17.65334883,22.62548096
9.151624096,-15.33542767,41.17088714
5.896588022,-17.67015132,22.30989437
3.265262184,-19.71320607,11.35194764
9.21862327,-15.25642588,41.67218503
9.47088193,-14.91523106,44.58731068
4.088618234,-19.35944375,7.670328286
5.305265013,-18.01986743,16.7956075
6.050896015,-17.47591135,19.46170784
9.680435549,-14.56856598,47.57385597
6.933897884,-17.96758526,3.10568692
8.251944654,-17.24764629,1.921763529
9.719805265,-14.45569692,49.12935356
9.673070128,-14.45002318,50.51363168
12.0118913,-13.98355935,-1.316601563
9.977474,-13.9074927,53.70800797
12.86620023,-12.43699008,-2.259570313
10.14059503,-13.65582375,54.55531415
12.50395247,-12.37681735,23.17809048
12.24490828,-12.5727904,20.29986007
10.68113564,-12.82391318,57.23344634
14.35286127,-10.84543169,25.58982057
14.37030189,-9.690601928,-2.32421875
12.62890048,-12.25361174,18.89900431
14.52485747,-10.69745103,25.84026823
10.85580679,-12.5398485,58.42566856
16.03506819,-7.669968457,41.33510151
16.36128418,-7.781119622,37.7565005
15.6427882,-9.6615483,28.22948594
12.92746204,-11.98930477,17.02561933
15.78063105,-7.542583813,44.72316273
16.53346517,-8.638006388,31.04050274
16.82075983,-7.857152131,33.94844394
15.80816531,-7.053216483,-1.574804688
14.04076945,-11.05303843,14.69098386
16.35736781,-6.44802196,48.14488323
12.09929124,-10.84185286,60.72908868
16.56622025,-6.132323368,48.669094
15.42889546,-9.885837345,13.08595042
17.23635317,-4.431751319,-0.70625
16.02960861,-9.373288598,12.4901072
17.43210511,-4.699459614,51.8359438
13.71935728,-8.71631402,62.03209613
17.49197559,-4.527108042,52.73939842
14.27853946,-7.979482932,62.7246238
17.35833292,-4.396640176,55.92249957
17.51593331,-7.926155942,9.558938069
18.68658463,-1.774011576,-0.108691406
17.71904832,-7.670052672,8.847518932
17.33290464,-4.25739852,58.25720644
15.21301637,-6.762382942,63.62344673
17.32574963,-4.220275318,59.01543733
16.08852946,-5.63529986,63.90882856
17.35145664,-4.055558542,61.96882326
19.16297267,-6.008154882,6.62273518
20.15285336,0.189384183,0.284676679
19.67580461,-5.336479847,5.893524482
21.78699934,1.659739428,0.769139147
21.79235747,-2.543520554,4.212755451
21.94914982,1.773420234,0.824960192
22.07176123,-2.189328935,4.101344579
23.71437947,1.880976074,1.988327991
23.78694416,1.01252938,2.644007536
23.80626428,1.460423111,2.332047463
3.724145678,-19.40502693,14.37450285
15.42436005,-6.746095486,63.40276632
17.29118845,-4.657121871,58.86009837
22.05027867,1.385325398,0.813788348
7.419795731,-17.92793946,3.069708882
16.61492193,-6.79033984,48.49009437
10.77289741,-13.76567315,53.9823326
17.68063886,-5.270202951,52.55718706
16.12671071,-8.704204168,41.16246791
22.32113452,-3.019774985,4.122979969
16.83029644,-6.0568273,61.18964369
16.4818863,-8.944666756,37.63976082
10.8013763,-14.68508738,47.83378644
11.93865,-12.77124631,57.61415165
15.74038844,-10.94912133,28.35181384
12.8338804,-13.42583565,17.29279242
12.04021475,-14.13321833,23.51239123
13.8202666,-13.17164361,-1.060742188
24.71433555,0.586092661,2.332047463
16.18001605,-9.332629334,44.40481557
14.72933301,-12.41483627,13.66285047
11.56983517,-15.11309001,20.84077033
15.8649567,-8.802192961,60.03181756
16.75347109,-10.95611037,31.16318521
7.919544709,-18.44574333,16.26911999
17.9411761,-7.024611166,55.2233225
17.22003776,-10.31876061,33.94285728
18.82061343,-9.15695944,6.963751245
7.932433987,-18.80911465,24.77952915
7.411003211,-19.11851083,13.45077419
14.67081183,-11.37845242,58.85191669
16.9847211,-11.43108049,10.13748463
8.898628367,-18.19002729,18.96939264
17.29063027,-8.175139402,57.69264313
22.15764634,-2.063382102,0.674461055
13.64694922,-14.61039796,26.15529624
7.365160261,-20.09611248,7.140234747
9.886278543,-17.8690794,21.59932521
20.75310294,-4.375539283,0.49697595
13.29651775,-14.2547802,51.58109095
7.378424202,-20.00934634,10.44808091
11.58458382,-16.70062097,18.13147355
14.31969525,-12.96018691,55.26526263
10.79833742,-17.45911204,24.16992502
8.802698577,-19.66002856,31.72463787
8.31393476,-19.95650211,29.65166072
9.594810637,-19.10257418,33.6395862
10.41477519,-18.43756818,36.0793606
8.357548139,-19.81151348,27.33338958
11.27321677,-17.5917083,38.96770607
8.835052644,-19.35939048,25.68386005
11.55485107,-17.28773781,39.94379552
12.18032143,-16.56699182,42.04755425
12.86232194,-15.67695994,45.2244082
11.16289632,-17.43998858,24.95576253
12.94986313,-15.55251194,45.70480816
7.985908677,-20.1318845,7.033597389
7.901662286,-19.94576113,10.32085268
9.425743315,-18.68034279,15.95796823
8.909221674,-19.07531151,13.08959325
13.45994461,-14.79453118,48.51140393
13.04185254,-15.90586292,26.386132
11.57431088,-17.55813485,2.833839649
12.19760979,-17.06136982,2.302774036
11.5283708,-17.0362288,17.40412648
14.30117815,-14.85274197,27.17108539
13.74732064,-14.28996403,51.01145041
13.84309728,-14.12244968,51.77649084
16.60220718,-11.71589536,40.74176014
15.59469005,-13.72189022,28.63152387
16.14092999,-12.85591544,-0.829785156
17.01912002,-11.59413717,37.43971509
16.69543684,-11.2831431,44.09515133
16.8604852,-12.45057146,31.23962985
17.43972513,-11.55209848,33.94006355
17.03191073,-11.24235503,-1.772167969
13.40994373,-15.49766592,14.7351879
16.95573032,-10.70206429,46.86245112
14.57307957,-12.99378107,55.02188636
14.71935061,-12.78154776,55.43712224
13.77995208,-15.19460495,14.34509204
17.2154022,-10.30823535,47.67612004
18.47536041,-8.595776721,-1.09140625
15.42708367,-13.8193829,12.43577342
18.07709982,-8.939637436,50.75620468
15.89118982,-11.17269894,57.27902041
18.16547237,-8.745741209,51.59808547
17.23012632,-9.464116956,57.25002043
18.14184551,-8.484226478,54.80343933
16.64771817,-12.72581269,10.38797255
19.73394578,-6.454767253,0.172170587
17.30746898,-12.07848357,9.058321438
20.15399022,-5.935639245,0.353459367
18.87753621,-10.489464,7.093550513
21.0552498,-4.745978244,0.563421852
19.4824506,-9.877183805,6.678839144
22.6516889,-2.579865977,0.749624265
21.75377748,-7.355225277,5.142181955
23.26868247,-5.414415189,4.181772347
24.29077232,-1.102928304,1.232565152
23.98785464,-4.439731701,3.809052424
25.26328369,-1.604167822,2.340834742
11.89704098,-17.5158356,2.818968736
13.50487453,-15.73012097,14.49955552
16.55868514,-11.14461898,56.50232906
18.31771588,-9.455495835,51.42386368
20.17064913,-6.982917145,0.262695403
13.50361031,-15.8796771,45.33491033
11.46510534,-18.02916518,15.3698287
12.30070183,-17.81135353,26.6912698
15.34264653,-15.25413133,28.79192664
17.6543415,-11.48153268,47.48437936
10.10354842,-19.99500733,27.16769837
18.12122081,-10.76449866,54.05824714
15.40892456,-14.6250686,49.08673955
16.57102835,-13.18004524,52.84529034
11.4051279,-19.18954499,12.5299701
11.25806187,-19.52600909,6.405602967
16.24209158,-15.37563838,10.86311258
17.15866236,-13.81935045,40.51478572
25.61783205,-4.253280892,2.355485597
11.31316851,-19.82351573,9.572902439
17.43387713,-14.18703406,37.24809672
18.79626327,-12.42263755,-0.555761719
16.65369703,-15.4842499,31.39806224
17.31721691,-14.88785439,33.90372087
13.47104537,-18.97585719,39.15601163
18.16315871,-13.0643286,50.29652696
14.52740185,-18.15089957,11.6602933
21.02745384,-10.1709066,-0.072851563
14.28670457,-18.77194724,29.16916041
11.36735436,-21.50184157,31.74268281
12.15226492,-20.93152566,33.70161874
13.19065637,-20.01993364,36.27048734
11.80667814,-21.01087068,29.50433759
11.95222107,-20.88091364,29.35000024
13.86620634,-19.33765466,38.69170303
13.98775935,-19.20624313,39.21042954
15.0458118,-17.97873729,42.39795582
14.19575739,-18.95487427,29.19181105
14.37082731,-18.80460704,29.2855106
15.57628741,-17.29443044,44.3241992
16.08016114,-16.62792964,45.79837808
16.32072784,-17.05009617,31.47698806
17.36349144,-15.71427396,37.09403269
17.39226088,-15.47052442,40.30895413
17.15504678,-16.12321985,33.88973093
17.83500937,-14.74319833,43.40445097
17.06412744,-15.33234634,47.66333675
17.86382433,-14.69015481,43.6543363
18.0831223,-14.16546664,46.90503926
13.33131509,-19.46596538,9.113740346
13.74023743,-19.19948493,6.007135351
16.03846662,-17.21120205,2.667675456
16.820425,-16.40935717,2.020212688
14.62619393,-18.40635962,11.21606046
21.0779316,-10.25052327,0.010906541
16.92194694,-16.46903791,9.723213855
22.01273341,-8.98243513,0.549568039
19.19621742,-14.38185057,7.606273008
19.55746707,-14.04015002,7.377712517
23.4257403,-7.150856393,0.8724833
21.55107287,-12.05792641,6.160194134
24.83991833,-5.970933467,1.511016686
23.94189789,-9.264448685,4.502208301
24.23530261,-8.872902783,4.290333028
25.60939688,-5.996433162,2.367211133
12.05850386,-20.9282718,29.48186868
17.94376549,-14.87758914,43.63315406
16.43303581,-17.17234477,2.655839318
19.49421747,-14.71249608,7.458257106
24.29909621,-9.487469891,4.318302824
17.83662952,-15.53834812,46.50052175
15.00392216,-19.27988295,8.768236589
14.62000059,-20.24793273,36.40764452
25.36019739,-8.130451431,2.384807529
15.48664268,-19.23435096,5.783463241
15.80756482,-19.16977824,31.57688402
16.9368403,-18.0847965,36.84015556
17.04145947,-17.95665273,39.8850699
16.88265511,-18.06765079,42.77404063
16.8039524,-18.83993851,33.85612782
13.97677981,-21.76644072,31.7065826
18.14613956,-18.03242794,8.059797002
14.92703079,-21.40847555,33.78037971
20.50592744,-16.44912779,2.549509958
18.45552867,-19.03718042,5.42304432
20.55995067,-16.7329926,2.685437837
18.86551461,-18.73736217,7.14357114
20.72098179,-16.53622349,2.546561392
24.23740741,-11.45430021,0.878078819
21.28251155,-16.51780901,6.451570112
25.1071325,-11.05710988,1.94200747
23.81360057,-13.83829119,4.869702151
24.25127627,-13.30064628,4.52096373
25.18123834,-11.29750813,2.414156453
24.10149897,-13.89899859,4.567895172
25.11007817,-12.03890281,2.422966397
19.87657565,-19.03429877,5.272782082
22.68203502,-17.15585569,4.879173783
24.23576333,-15.44781904,2.472935389
