6.62,46.25,58.47
7.78,44.79,59.22
9.13,46.71,57.81
3.72,44.76,58.61
10.10,45.30,58.80
5.82,47.11,57.08
8.20,47.87,56.58
3.44,46.12,57.29
5.12,42.67,59.81
1.52,43.28,58.98
10.40,43.86,59.01
0.61,42.56,58.85
1.86,41.88,59.46
11.21,46.62,56.97
0.77,43.44,58.16
3.46,40.77,60.07
7.45,48.00,55.29
3.34,46.41,55.94
1.48,44.85,56.74
12.01,44.73,57.69
8.39,41.81,59.43
5.40,40.59,59.97
10.26,47.39,55.58
5.13,47.35,55.04
2.08,39.97,59.89
-0.72,41.40,58.15
-0.73,42.95,56.84
12.59,45.81,56.01
0.43,39.04,59.30
8.83,47.82,53.87
3.40,46.53,54.30
4.65,47.13,53.88
-1.84,41.82,56.92
-7.03,18.47,71.24
2.98,38.23,59.62
11.98,41.69,57.93
1.42,45.36,54.36
6.41,47.68,53.16
-0.70,43.53,55.20
-8.17,17.40,71.20
-2.56,40.64,56.96
13.56,42.70,57.02
-6.99,18.61,70.63
-6.50,17.53,72.77
6.53,38.61,59.17
-5.27,18.63,70.99
-2.32,41.80,55.94
2.43,46.14,53.32
3.81,46.86,52.90
12.66,45.72,54.36
13.69,44.85,55.03
0.81,37.05,59.39
-2.35,38.46,58.03
13.99,43.47,55.77
-9.19,16.03,71.11
-0.70,36.81,59.00
8.84,47.44,52.27
10.92,46.57,52.96
-6.81,18.46,70.14
9.73,38.98,58.17
-8.20,15.19,73.64
-5.74,15.94,74.59
-2.70,18.73,70.86
-8.61,16.83,70.40
-3.31,17.33,73.25
-4.12,18.95,70.18
4.80,47.63,51.15
-2.67,41.88,54.34
-0.90,43.85,53.14
1.26,46.14,51.72
-4.31,39.29,55.80
-4.66,36.66,57.55
7.60,47.65,50.90
-2.62,35.25,58.52
14.05,43.61,54.01
13.97,40.98,55.88
-0.55,18.28,71.64
-9.75,13.94,71.14
-8.20,13.01,75.73
-5.94,35.61,57.58
-4.03,15.06,75.23
-0.75,44.51,51.91
-9.25,12.65,74.51
0.63,34.70,58.65
0.90,47.30,50.03
-5.08,34.33,58.23
2.98,48.13,49.53
0.02,19.00,70.29
-6.13,13.44,75.86
-11.82,32.40,58.84
4.31,35.41,58.30
-6.62,34.60,57.75
-2.84,42.36,52.77
12.89,44.32,52.57
-6.85,36.27,56.53
-10.45,33.30,58.19
-1.99,43.52,51.96
-10.45,31.78,59.22
-8.67,11.87,76.09
-0.46,46.39,50.14
0.01,16.88,73.35
1.51,18.42,70.95
7.40,36.20,57.74
1.35,17.83,72.39
-1.47,44.76,50.99
-8.27,33.99,57.71
-8.65,15.88,69.72
-5.32,39.09,54.40
-1.14,18.99,69.54
-13.04,31.66,58.76
11.74,45.07,51.58
14.52,41.55,54.28
-6.11,17.15,69.46
-4.50,40.44,53.40
-12.69,33.19,57.60
-8.72,31.85,58.86
12.33,38.43,56.16
6.53,48.31,48.88
-7.52,11.69,76.48
10.07,46.12,50.48
8.45,47.39,49.52
-3.67,32.95,58.48
4.67,49.10,48.15
-11.47,30.25,59.47
-6.26,37.90,54.69
-2.69,18.32,69.23
-1.57,14.98,74.63
0.16,47.48,48.73
-9.81,13.98,70.08
-6.39,32.32,58.40
-9.96,11.36,72.88
-9.49,30.22,59.53
9.87,36.61,56.82
-4.78,32.39,58.41
-1.94,32.78,58.42
3.03,18.68,70.47
2.52,48.82,47.88
1.87,16.88,73.11
0.77,18.98,69.41
-10.21,34.68,56.14
-14.13,31.38,57.94
6.02,49.15,47.53
-5.86,38.81,53.48
-4.07,42.49,51.04
-12.73,33.69,56.14
-3.40,12.69,75.72
-8.72,10.01,75.98
-2.71,45.23,49.16
-13.39,29.49,58.86
-10.32,11.42,70.72
-7.96,36.39,54.60
3.98,17.43,72.00
13.90,41.71,52.53
3.50,18.93,69.29
-9.62,28.39,59.62
2.32,48.91,46.73
4.52,49.27,46.52
0.63,48.12,46.99
-14.38,32.09,56.41
5.92,18.70,70.10
-7.32,29.22,59.05
-4.56,43.58,49.41
5.47,33.64,56.88
-9.95,12.87,69.58
-6.10,39.44,51.73
13.81,38.94,53.57
-7.15,37.45,52.96
5.94,19.14,69.07
-11.45,27.45,59.45
-0.48,31.38,57.62
1.05,17.92,68.49
8.94,46.63,47.77
-8.46,13.83,69.12
-8.84,7.90,77.83
7.37,17.86,71.35
-10.34,11.49,69.96
-8.16,36.32,53.34
7.18,48.61,46.31
-5.06,10.05,76.53
12.14,42.71,50.40
12.84,37.02,54.50
-3.32,11.10,75.80
-2.53,11.60,75.42
-3.49,45.31,47.69
-1.16,12.39,74.82
2.15,14.35,73.67
-9.55,35.30,53.74
7.92,34.12,56.06
-3.60,29.97,57.99
-1.85,46.38,46.92
-6.22,40.66,50.26
-2.26,16.44,68.36
6.99,16.77,72.77
-7.27,7.90,78.05
-5.93,42.04,49.20
6.01,18.88,68.30
-9.76,7.39,75.90
-15.54,30.61,56.05
2.57,31.85,56.80
-14.89,28.93,57.22
-13.30,26.98,58.73
-0.25,47.51,46.02
-10.09,8.35,72.26
7.65,18.86,68.73
8.96,18.45,69.92
10.93,35.28,54.93
4.33,49.46,44.99
5.86,49.46,44.97
-8.21,6.87,78.64
5.76,15.44,73.21
8.46,16.97,72.48
1.86,48.63,45.15
10.44,44.17,48.41
-5.06,43.71,47.79
-12.54,33.22,54.15
-10.35,9.40,70.43
4.59,18.24,67.90
-5.15,14.68,68.35
-9.86,11.56,69.31
13.34,39.91,51.30
-15.01,31.33,55.05
-8.59,36.11,52.17
-9.19,6.15,77.85
-2.27,10.37,75.15
-8.52,25.87,59.20
-3.87,44.85,46.66
-5.59,27.17,58.51
-7.37,38.98,50.11
10.04,17.29,71.31
-7.87,37.44,50.95
-11.69,25.02,59.05
-10.06,5.60,76.18
10.04,18.41,68.17
-7.56,39.96,48.96
11.65,17.92,69.55
-5.21,7.16,77.61
12.66,35.90,53.00
-10.26,34.64,52.12
4.50,49.85,43.33
-0.99,46.92,44.80
7.42,49.09,43.89
2.03,49.08,43.52
-2.75,8.85,75.42
-15.68,29.27,55.12
-9.77,4.74,77.13
5.40,31.46,55.30
-10.10,9.24,69.58
-6.87,12.58,68.12
-8.98,4.70,77.95
13.05,37.55,51.34
9.08,15.12,72.78
-6.20,42.60,46.66
-3.53,7.73,76.36
7.83,17.74,66.97
8.59,46.89,44.64
-13.79,24.94,57.80
-5.64,25.09,58.51
-1.50,9.10,74.61
-10.05,5.21,73.82
-3.72,26.42,57.66
0.35,48.36,43.26
-2.33,27.61,56.88
-5.20,43.38,45.97
1.95,49.70,42.50
-9.43,35.59,50.63
12.18,39.22,49.60
6.99,49.98,42.53
13.39,17.46,69.15
0.37,9.98,73.87
4.46,16.56,66.81
-12.25,23.47,58.66
-13.03,32.16,52.49
-7.50,40.94,47.11
-10.33,23.12,59.08
9.50,43.98,46.05
11.49,15.77,72.03
8.43,48.30,43.32
-8.59,39.25,48.02
-11.64,33.30,51.70
-3.41,44.76,44.84
-4.72,12.90,67.55
8.37,32.02,54.12
-6.89,4.66,78.25
3.37,50.95,41.48
-9.93,4.04,75.63
8.07,49.12,42.67
10.57,17.78,66.73
-10.43,34.33,50.92
-7.28,23.21,59.05
12.60,17.56,67.59
-0.04,28.30,55.93
-10.06,6.64,70.31
-9.99,5.35,71.20
-1.96,13.83,67.21
-8.91,10.19,68.39
1.51,15.09,66.90
5.92,50.77,41.51
-14.67,30.51,53.05
6.19,12.44,73.02
-9.26,37.22,48.86
3.35,10.93,73.12
12.57,35.52,51.37
13.30,16.30,70.49
10.57,40.99,47.45
12.22,34.49,52.02
-6.54,41.95,45.80
-15.47,26.17,55.62
3.04,29.38,54.93
2.70,51.69,40.47
11.03,33.18,52.66
-1.45,7.47,74.80
0.15,49.89,41.12
-8.97,3.04,76.93
7.58,49.50,41.62
-6.39,21.74,59.26
14.72,16.53,68.41
4.80,51.73,40.06
-1.87,25.76,56.50
12.08,36.45,49.82
-10.94,34.06,49.90
-2.17,46.52,42.60
-3.26,5.42,76.71
-9.42,38.51,47.00
8.30,47.38,42.43
-3.74,23.01,58.17
-6.21,11.15,67.13
-3.44,12.27,66.82
-9.21,20.31,59.56
-12.86,21.72,58.03
-13.00,31.73,50.91
2.32,52.08,39.28
-9.75,3.51,71.84
6.84,50.28,40.33
-14.82,23.51,56.28
-2.23,47.94,41.23
-15.94,27.57,53.30
-5.04,19.88,59.88
11.06,37.81,48.07
-7.48,40.77,45.12
-5.86,42.28,44.22
14.39,16.46,66.40
4.42,14.65,65.65
-7.22,18.05,60.84
-15.58,24.38,55.22
-15.53,28.93,52.08
-0.82,51.00,39.27
-3.24,20.84,59.03
-1.57,12.41,66.22
-9.95,5.03,69.80
7.11,15.41,65.21
-5.15,17.74,61.08
-9.36,8.25,67.75
-8.38,9.30,67.18
2.60,8.40,72.69
9.24,41.36,45.19
9.63,40.05,45.98
-6.12,16.64,61.62
-9.82,6.55,68.65
11.68,33.66,50.30
-9.62,17.30,60.59
-4.28,43.84,42.80
-11.10,18.19,59.70
6.16,50.94,39.16
-10.70,36.61,46.84
-3.42,46.56,41.18
0.84,26.50,54.57
14.79,14.28,70.51
-12.32,19.01,58.84
-3.16,48.58,40.01
11.54,15.96,65.09
2.36,27.23,54.09
12.73,13.24,71.58
-10.23,37.80,46.02
0.71,13.01,65.54
15.81,14.58,68.94
-2.65,50.21,39.09
-11.41,34.44,48.05
9.57,11.38,72.33
0.05,25.31,55.23
-9.69,3.37,70.46
5.69,28.52,53.30
-3.44,11.64,65.79
4.58,51.79,38.46
3.15,13.58,65.42
-7.93,15.75,61.69
-1.92,20.97,58.33
15.75,15.35,66.91
-4.49,16.24,61.75
-14.82,29.67,50.89
-9.20,1.61,73.95
-12.33,32.46,49.15
0.88,6.71,73.15
4.93,8.94,72.34
14.27,16.01,65.36
-16.08,24.74,54.08
15.20,15.87,65.79
-0.97,23.48,56.34
3.10,52.25,38.01
-3.91,44.95,41.72
-1.13,12.18,65.51
-2.11,19.35,59.33
8.29,43.52,43.01
-9.30,38.94,44.95
-8.54,0.87,76.25
-7.36,1.00,77.51
7.49,47.71,40.51
-5.85,14.82,62.38
-12.26,17.68,59.34
-1.21,21.89,57.30
-2.71,17.22,60.82
-9.41,2.01,71.38
-3.79,2.58,77.67
-15.68,23.10,54.97
-6.88,10.19,65.81
9.87,38.24,46.25
7.89,45.70,41.54
1.21,51.81,37.88
11.07,35.35,48.18
-11.68,16.56,59.99
9.28,29.81,51.94
10.47,36.62,47.16
-5.52,1.26,78.18
7.35,9.52,72.18
6.85,49.31,39.23
-4.44,12.05,64.41
10.96,31.24,50.85
-1.32,12.56,64.51
-5.65,13.01,63.37
-10.35,14.83,61.24
-9.07,7.93,66.78
9.11,39.44,45.06
-0.57,4.72,74.40
-9.90,3.94,69.39
-2.65,14.27,62.67
-4.91,43.80,41.67
-3.68,49.27,38.63
-15.98,27.78,51.11
-6.91,11.33,64.31
-14.28,19.00,57.44
2.95,13.03,64.61
-7.86,40.46,43.40
-13.83,30.65,49.28
-15.22,21.01,55.84
-1.76,50.63,37.87
-8.44,12.66,62.89
-1.85,3.24,76.18
-0.03,21.92,56.51
14.75,14.84,65.09
-13.51,17.00,58.71
1.90,25.00,54.14
-11.02,36.88,45.11
-0.32,17.62,59.62
-6.53,42.44,41.81
-5.58,45.05,40.36
5.78,49.95,38.09
-13.12,32.14,47.82
5.28,13.55,63.84
8.60,14.37,63.60
1.95,13.35,63.24
8.46,40.07,43.69
0.76,19.72,57.61
-8.90,9.21,64.74
-16.64,25.20,51.92
1.43,22.40,55.46
-12.47,34.47,46.01
4.00,25.65,53.14
-12.76,14.60,59.89
16.20,13.25,66.50
-5.22,47.36,38.69
1.03,15.30,60.85
-11.38,12.38,61.47
1.10,4.38,72.81
-9.99,3.79,68.22
-15.12,17.11,57.25
3.75,50.59,36.90
3.11,5.51,72.00
-9.40,39.15,42.73
-7.21,43.24,40.43
1.62,16.96,59.17
13.00,14.20,63.43
5.88,26.03,52.31
-3.87,0.09,77.60
-14.56,30.20,47.94
16.06,11.41,68.56
-10.37,10.14,62.94
-15.56,28.54,48.95
7.42,42.23,41.46
4.41,13.27,62.56
-16.62,21.75,53.43
-16.18,19.97,54.73
9.69,28.05,50.89
2.52,20.39,56.11
-1.76,50.29,36.54
-8.78,-0.22,70.92
9.84,35.34,45.74
0.46,3.30,73.40
7.02,44.08,40.17
-8.69,40.65,41.44
10.70,14.11,62.52
8.21,26.57,51.63
-2.07,0.89,76.48
-0.41,2.29,74.64
6.29,47.20,38.27
8.69,37.64,43.97
-12.95,34.70,44.71
-7.34,-1.46,75.67
11.21,30.80,48.67
10.78,32.81,47.24
0.63,50.81,36.12
-8.17,42.22,40.41
3.91,22.91,53.90
-5.42,-1.17,77.23
11.71,9.13,71.29
5.32,48.82,37.22
6.12,6.33,71.43
8.90,7.67,71.44
5.87,13.35,62.04
-12.30,35.54,44.01
3.11,14.68,60.38
8.01,13.61,62.07
3.61,20.89,55.23
-16.02,18.08,55.51
-9.87,5.38,66.09
3.25,15.54,59.56
4.24,13.99,61.07
-7.97,43.60,39.39
3.57,17.30,58.07
-16.69,26.29,49.62
3.79,19.25,56.41
-14.57,31.36,46.33
7.54,40.35,41.81
-9.53,1.22,69.21
5.53,24.20,52.63
-7.00,45.43,38.28
-4.13,48.55,36.73
8.00,38.74,42.75
-14.96,14.96,57.69
6.78,25.04,52.03
10.89,28.55,49.67
-13.89,33.36,44.94
-6.06,46.77,37.47
-11.08,37.29,42.63
-15.87,16.34,56.43
4.17,14.70,59.96
-10.05,2.43,67.95
14.85,12.86,63.50
14.57,9.44,70.01
-8.01,-1.86,73.33
-11.00,8.73,62.59
-17.32,22.95,51.31
-10.29,7.46,63.71
-17.21,24.48,50.26
-11.89,9.89,61.48
-10.10,3.19,67.09
6.97,13.81,60.77
5.73,22.57,53.27
-16.79,19.17,53.89
6.87,41.54,40.46
12.54,13.49,61.87
-13.38,34.39,43.81
-15.75,29.05,47.07
10.27,26.72,50.35
5.60,17.88,56.81
16.25,11.17,65.25
6.06,20.44,54.69
-13.65,11.88,59.37
-10.38,39.16,40.93
6.27,15.45,58.84
8.00,23.18,52.40
-1.53,50.29,35.02
-9.76,41.66,39.24
10.14,14.01,60.19
1.39,1.77,72.52
-15.35,31.51,44.75
8.14,17.83,56.14
-11.22,37.76,40.99
-8.71,43.83,37.67
-0.74,-0.28,74.75
-17.44,19.25,52.61
-2.86,-1.87,76.18
16.01,8.38,67.96
0.97,50.75,34.35
-10.09,3.10,65.92
4.88,47.36,36.17
-14.59,32.88,43.63
10.43,24.58,50.73
-17.36,24.64,48.58
11.32,28.74,47.53
9.91,20.11,53.86
10.26,15.87,57.40
-10.10,3.69,65.03
6.17,41.82,38.85
13.71,13.05,60.44
15.31,7.40,68.69
-16.48,15.02,55.11
-15.59,31.62,43.80
10.78,17.76,55.56
-7.54,-3.40,71.95
-16.49,29.32,45.18
-11.58,38.36,39.91
-11.36,39.99,38.98
7.47,37.58,41.15
-5.14,47.42,35.22
12.25,14.47,58.48
-17.87,20.19,51.12
-11.38,6.84,61.85
-3.95,48.80,34.49
-11.06,41.29,38.12
-17.81,22.56,49.38
-0.09,51.43,33.31
11.56,16.62,56.30
-9.99,1.11,66.68
8.41,35.00,42.54
-4.81,-3.69,75.65
4.19,2.28,70.85
-17.24,26.46,46.68
-17.40,17.15,53.04
-16.21,30.60,44.00
-8.10,-2.85,70.23
9.51,32.51,44.04
-12.95,8.57,59.90
10.46,4.86,70.16
-6.97,45.60,35.73
6.50,39.80,39.39
-13.48,34.32,41.75
12.36,18.72,54.30
-10.40,4.36,63.63
12.43,17.18,55.60
-15.51,12.32,56.64
7.45,3.54,70.37
12.62,15.81,56.78
-2.52,50.64,33.32
12.30,20.34,52.85
11.74,25.26,49.02
13.67,5.89,69.14
15.65,10.68,62.07
1.91,51.16,33.11
3.31,49.20,34.08
11.72,26.89,47.67
-1.35,-2.25,74.79
5.60,43.69,36.91
16.16,8.25,64.92
-12.45,36.69,40.07
-17.97,18.25,51.71
11.80,21.83,51.34
10.64,29.77,45.49
-8.92,43.79,36.22
-6.27,-4.57,74.03
14.32,14.30,57.83
-17.76,23.37,48.05
-1.29,52.17,32.30
11.99,23.46,49.92
2.48,0.59,71.07
-10.36,42.31,36.84
-10.23,2.38,64.58
5.91,40.70,38.17
-17.72,24.12,47.21
-14.41,9.68,57.89
13.22,20.48,51.91
-15.67,31.48,42.51
-0.03,-1.74,73.00
1.51,-0.48,71.47
-9.06,-2.06,68.25
14.53,16.48,55.09
13.91,19.05,52.84
0.99,52.53,31.70
-11.95,40.60,37.16
15.55,5.91,66.82
15.69,12.12,59.15
-3.56,51.53,31.97
-5.63,47.25,33.90
5.65,41.41,37.28
-4.75,49.24,32.86
-12.78,38.57,38.03
-17.11,29.47,43.19
-1.61,53.28,31.06
11.51,27.18,46.01
3.15,50.93,31.96
-2.22,-4.29,74.34
-18.59,19.77,48.93
-13.50,7.37,58.57
-13.59,34.80,39.45
-18.25,24.03,45.88
16.55,13.57,56.58
-18.19,27.52,43.57
-12.34,5.62,59.84
-4.37,52.50,30.67
-10.54,2.21,62.91
0.97,-2.16,71.22
-16.48,11.88,54.36
-4.14,-5.88,74.44
-17.53,14.03,52.58
-14.02,33.61,39.81
0.51,53.98,30.01
-6.07,-5.98,71.80
-18.58,21.85,46.91
-15.36,9.69,55.93
15.73,6.67,62.99
16.21,9.82,59.53
-6.31,47.71,32.43
-7.73,44.58,33.90
4.74,44.79,34.20
10.12,28.85,43.63
-6.15,49.90,31.40
13.22,21.96,48.65
-17.95,28.65,42.35
-18.59,16.51,50.36
2.72,-1.56,70.13
-5.06,-6.44,73.64
-7.03,45.88,33.20
-14.31,7.83,57.21
-11.18,3.22,61.35
14.35,19.50,50.51
-9.21,43.20,34.38
5.81,39.57,36.68
7.26,34.89,39.35
5.11,42.68,34.94
5.63,-0.51,69.24
6.46,37.28,37.90
15.69,5.16,63.99
8.23,32.46,40.76
11.56,1.70,68.19
-10.50,0.32,63.49
-13.26,39.52,35.86
8.58,0.53,68.76
-7.37,-5.54,69.44
15.45,3.96,65.42
5.37,41.28,35.48
15.78,16.88,52.15
12.40,24.24,46.26
-1.89,53.88,29.33
-9.85,-2.06,65.51
10.83,27.23,44.07
-15.18,31.96,39.85
-2.88,-6.20,74.01
11.64,25.82,45.03
16.99,14.55,54.11
17.74,13.24,55.32
4.15,48.87,31.58
-17.15,29.60,41.08
15.75,7.32,60.86
-14.06,38.17,36.26
-6.65,51.24,30.17
-19.10,24.79,43.95
3.91,50.42,30.83
-14.10,36.02,37.37
9.31,29.84,42.04
-11.71,41.03,34.75
2.77,52.20,29.95
-19.16,19.34,47.42
14.26,2.53,66.53
1.62,53.93,29.15
1.22,-3.34,70.39
-10.83,1.35,61.94
17.22,10.69,57.28
17.91,12.07,55.92
-13.37,5.60,57.90
-19.13,22.81,44.88
-19.30,17.68,48.27
0.51,54.26,28.78
-0.20,-4.72,71.63
-14.46,33.63,38.34
-18.69,27.90,41.51
-2.00,-6.19,73.10
15.43,5.48,61.92
4.47,46.29,32.22
-5.06,52.50,29.13
9.92,28.07,42.53
-8.75,-4.73,67.11
-7.97,46.99,31.35
-3.61,-7.34,72.93
-14.59,6.93,56.04
-14.19,38.67,35.11
-8.51,44.36,32.44
-15.83,8.82,54.35
-19.69,26.21,41.97
-8.26,49.23,30.11
-17.05,10.68,52.65
-12.31,3.05,58.99
-19.60,19.48,46.07
-18.27,12.55,50.90
-9.39,42.95,32.66
5.17,41.65,33.58
-20.07,22.71,43.42
-14.98,33.93,36.76
11.66,24.49,43.75
-19.92,17.52,46.72
18.31,10.35,55.36
-19.69,26.88,40.63
-19.26,13.63,49.40
15.39,3.53,61.74
4.18,-3.63,68.26
-20.08,20.69,44.39
13.71,20.89,46.16
18.22,11.82,53.77
-10.82,41.86,32.53
15.35,1.96,63.47
2.11,52.74,28.05
-14.85,37.08,34.72
-12.14,40.51,33.03
-11.46,0.13,60.36
-4.76,-8.61,70.58
-18.51,27.88,39.65
-20.35,25.81,40.82
9.49,27.82,40.93
14.74,18.82,47.44
-7.98,50.24,28.65
16.72,7.57,57.15
0.00,53.42,27.58
-13.57,39.12,33.53
-9.86,43.21,31.60
5.60,39.34,33.99
-9.80,47.28,29.73
-10.66,-2.44,62.43
-16.79,29.57,38.52
15.94,16.53,49.04
3.42,51.09,28.47
5.01,43.08,32.05
-15.09,6.08,54.68
-20.06,14.88,47.75
-2.61,52.87,27.56
6.59,-3.18,67.40
-8.68,-6.23,66.21
4.20,49.07,29.29
9.39,-2.18,66.88
-1.55,-7.96,71.58
-9.82,45.01,30.60
-15.40,34.80,35.42
12.16,-1.18,66.06
7.45,32.08,37.80
-9.78,48.57,28.97
-3.00,-8.84,71.74
8.33,29.99,39.07
1.92,-5.57,68.81
4.63,46.50,30.27
15.23,4.18,59.78
6.65,34.50,36.33
-13.80,3.78,56.36
-15.71,31.80,36.95
17.98,8.69,55.50
17.28,13.69,50.84
6.05,36.95,34.74
-20.85,23.84,41.28
10.44,25.75,41.54
-15.57,33.35,35.90
-9.69,-5.03,64.27
-16.30,7.37,52.99
-7.29,-8.08,67.79
8.95,28.42,39.70
-19.82,12.87,48.59
-21.05,21.49,42.50
-17.71,9.17,51.25
4.88,44.38,30.76
0.08,-7.48,69.85
12.91,21.54,44.08
-20.72,17.82,44.68
-5.43,51.42,27.33
14.31,-0.76,64.38
-19.19,11.03,49.45
-10.72,47.47,28.73
-12.72,1.12,57.73
15.52,5.05,57.60
-20.08,25.80,39.33
-12.50,40.45,31.65
-20.82,15.76,45.70
-11.71,42.75,30.20
-11.44,45.72,28.83
-8.83,-7.52,65.06
18.55,8.70,53.22
-20.46,11.86,47.62
-16.12,35.06,33.49
-21.94,21.40,41.10
-2.57,-10.37,70.52
-16.86,29.32,36.56
-16.41,32.84,34.62
-9.57,-6.64,63.67
-10.70,-4.64,61.59
1.66,51.84,26.42
14.24,18.62,44.66
5.96,37.50,32.81
5.70,39.42,31.80
-15.56,3.98,53.46
-11.50,-3.18,59.80
-13.89,38.76,31.34
-6.76,-10.30,67.65
8.70,27.88,37.99
-10.85,47.52,27.52
7.66,-5.13,65.62
-21.55,17.08,43.37
-15.34,36.70,32.11
-21.92,18.74,42.11
-17.30,6.04,51.34
9.48,26.21,38.80
-0.26,52.05,25.90
-4.99,-11.12,68.89
4.95,-6.40,66.14
6.20,36.07,33.01
-12.54,-1.41,57.68
-18.84,7.96,49.65
4.40,47.56,27.65
-22.17,22.22,39.71
15.45,16.08,45.80
3.46,49.55,26.80
11.90,21.94,41.44
-2.87,51.58,25.85
4.69,46.02,28.24
-21.65,15.60,43.93
-20.07,9.57,48.23
15.50,0.70,59.30
-18.47,26.94,36.92
10.18,-4.64,64.73
17.86,6.54,53.70
8.09,28.99,36.73
5.45,41.42,30.17
-10.19,-6.47,62.20
15.18,2.61,57.08
15.44,-1.46,61.61
-8.01,49.34,26.40
16.56,13.77,47.35
-17.02,30.31,34.93
12.85,-3.70,63.83
-14.03,0.72,55.27
0.97,-8.96,67.57
-13.06,42.09,29.14
15.37,3.60,55.89
7.27,31.09,35.24
-0.62,-10.42,68.99
-9.59,-7.71,63.14
-20.10,25.13,37.53
-7.89,-10.29,65.98
-5.24,50.57,25.79
-13.47,40.28,29.78
18.32,9.69,50.39
6.59,33.88,33.55
-12.58,45.56,27.48
-21.76,13.02,45.09
-21.31,23.61,38.26
5.05,43.48,28.81
14.59,-3.09,62.65
16.44,4.52,54.58
13.34,19.22,42.54
-16.58,34.91,32.00
2.78,-8.34,66.22
17.47,11.53,48.41
-6.50,-11.80,67.52
-22.19,16.28,42.53
-13.32,43.55,28.01
-17.67,28.36,35.19
-22.85,20.25,39.72
-9.14,-9.19,63.72
-17.34,33.27,32.42
-17.65,31.32,33.36
-21.40,10.14,46.33
10.59,23.42,38.99
-11.16,-5.84,59.93
-13.91,41.49,28.48
6.43,35.69,31.56
-20.48,7.68,47.57
-12.21,-4.27,57.78
-17.40,3.47,50.88
-18.99,5.47,49.19
-15.05,37.32,29.84
-22.63,21.50,38.02
-15.93,1.32,52.49
-13.37,-2.40,55.77
-3.82,51.04,24.87
8.94,26.19,36.39
-23.00,16.23,41.16
-5.06,-13.65,68.31
-8.61,48.57,25.24
-10.44,47.43,25.52
1.60,50.52,24.99
-18.41,27.01,34.70
4.40,46.23,26.35
-14.56,41.94,27.50
0.56,-11.11,66.62
15.79,2.08,54.51
-18.88,25.86,35.16
-18.32,31.51,32.11
-6.62,49.95,24.86
-14.41,43.15,26.87
-22.61,10.65,44.48
-14.73,-1.05,53.75
15.49,-4.08,60.56
-18.09,32.63,31.36
15.71,0.09,55.79
-23.14,13.87,41.95
14.65,15.89,42.53
-10.39,-8.88,60.89
8.06,-7.85,63.38
-1.28,51.48,24.47
17.73,4.42,51.80
-2.01,-13.91,68.71
-7.13,-13.69,66.36
6.30,37.44,29.55
4.83,43.78,26.76
-23.48,19.70,38.03
-20.15,24.30,35.42
15.89,-1.36,56.97
18.58,6.02,50.22
-13.44,44.78,25.75
14.12,-5.60,61.33
8.25,27.37,34.63
-23.82,17.43,39.25
-0.16,-12.62,66.94
15.99,13.13,44.19
13.19,18.13,40.46
-17.03,34.05,30.19
17.01,10.93,45.87
-3.86,-15.11,69.08
9.86,23.85,36.65
11.53,-6.89,62.21
5.73,40.05,28.13
18.54,7.46,48.71
4.89,-9.52,63.96
17.99,8.85,47.52
-21.79,22.28,36.25
2.30,-10.85,64.95
6.84,32.66,31.55
-18.69,28.78,32.66
11.79,20.34,38.75
-15.12,39.29,27.69
-23.34,11.34,42.88
-9.06,-12.01,63.27
-9.38,48.66,24.62
-22.45,8.38,44.90
6.79,33.86,30.74
-13.92,-3.29,54.48
16.26,-3.25,58.08
-15.90,35.64,29.08
-11.79,-7.08,57.94
7.40,29.67,32.76
-12.90,-5.11,55.95
-19.35,3.25,48.62
-17.78,1.29,50.23
-5.25,-15.80,68.27
-15.11,41.90,26.22
-23.34,9.89,43.43
-24.00,14.89,40.02
-18.64,31.30,30.82
-19.24,25.90,33.62
-21.12,5.41,46.68
5.22,41.56,26.89
6.77,34.66,29.96
17.04,2.39,51.99
-15.60,36.64,28.32
-16.26,-0.85,51.73
3.17,47.89,24.76
10.77,21.69,36.92
-4.31,51.97,23.68
-14.95,-2.77,53.01
1.01,-12.70,65.08
-11.98,47.06,24.50
-23.01,20.45,36.02
-7.88,50.76,23.76
-3.09,-16.70,69.39
-24.26,18.52,36.98
16.57,-2.33,55.25
-6.72,-16.53,66.71
-24.20,11.35,41.08
9.36,24.12,34.51
4.98,42.12,25.71
-1.63,52.06,23.33
-24.91,14.85,38.66
18.26,3.13,49.74
16.87,-0.40,52.78
-8.24,-15.48,64.44
-10.76,49.04,23.69
-8.22,51.95,23.13
-6.83,52.73,23.00
0.52,-14.71,65.79
-14.87,44.42,24.57
-19.79,26.25,31.90
-1.15,-17.02,69.13
-19.73,1.10,48.15
-21.23,3.07,46.57
-16.11,38.14,26.38
-22.17,4.46,45.48
-23.00,6.00,44.26
4.34,44.36,24.85
18.63,5.50,47.27
7.12,30.15,30.69
-18.12,-1.03,49.72
5.22,40.91,25.77
18.78,3.96,48.43
-12.61,-7.72,55.69
6.93,32.22,29.56
-16.16,36.75,26.78
11.63,19.57,36.63
17.04,-5.21,56.89
-25.30,16.29,37.08
4.48,-12.15,62.71
2.39,-13.23,63.58
-16.55,34.67,27.60
-4.97,-18.20,68.17
1.34,-13.94,64.21
0.61,50.52,23.37
10.90,20.79,35.77
-0.02,-16.42,67.53
10.32,21.89,35.06
-18.63,31.28,29.05
16.29,-6.56,58.13
-24.95,17.85,36.02
-13.99,-5.79,53.66
17.23,-4.29,55.73
-14.15,45.50,24.12
7.24,-11.01,61.68
14.55,14.63,39.71
-25.00,12.39,39.31
17.86,7.47,45.03
-9.51,-14.49,62.05
13.13,16.96,37.99
6.37,36.92,27.10
-24.32,8.58,41.77
-8.59,52.81,22.60
-16.29,39.58,25.29
-15.81,42.71,24.58
-10.59,-12.59,59.81
-19.64,29.23,29.69
-24.06,18.97,35.05
8.60,25.41,32.60
16.88,9.69,43.04
17.85,0.97,50.20
-21.69,21.65,33.49
-10.12,51.23,22.79
-5.17,53.85,22.36
5.67,39.33,25.86
-2.77,53.06,22.55
-11.77,-10.23,57.13
13.81,-8.88,59.47
-24.89,10.44,40.12
-22.95,20.09,34.20
10.60,-10.26,60.47
6.82,34.16,27.98
-20.49,24.11,31.99
-1.18,52.27,22.66
15.88,11.90,41.01
-20.31,27.05,30.40
-16.28,-4.10,51.17
-25.87,13.76,37.56
-17.69,32.21,27.70
-7.16,-18.46,65.73
-7.71,54.07,22.00
-20.52,25.59,30.81
-16.71,37.42,25.46
0.07,-18.24,68.35
-13.30,47.36,23.21
-15.48,44.22,23.83
-23.12,3.43,44.28
-1.94,-19.47,69.69
2.15,-15.39,63.96
7.75,27.16,30.74
-20.20,-1.06,47.72
2.84,47.15,23.48
-12.23,49.45,22.71
-21.75,0.96,46.02
4.91,41.39,24.74
17.89,-5.95,55.43
11.15,19.92,34.77
-24.24,5.53,42.52
18.11,-3.76,53.13
-8.95,-17.32,62.92
-18.69,-3.31,49.11
3.97,-14.76,62.59
1.55,-17.72,66.08
-10.20,53.23,21.73
-25.40,17.09,34.50
-3.77,54.18,21.66
12.41,17.62,35.65
14.50,14.12,37.94
19.00,1.54,47.63
6.25,-13.69,61.38
-10.28,-15.54,60.41
18.57,-1.56,50.28
-21.12,22.31,31.51
-25.68,9.44,39.01
-26.54,14.44,35.80
-5.31,-20.72,67.44
8.91,-12.75,60.27
-25.14,5.93,40.99
-17.24,32.81,26.18
-11.16,-14.51,58.53
-17.66,-5.32,49.76
16.20,-9.70,57.37
13.79,15.16,36.49
19.01,-3.47,51.21
-20.88,27.40,28.39
-9.18,54.80,21.08
6.71,34.59,26.04
-17.77,38.28,24.41
14.79,-10.69,58.13
10.19,21.44,32.50
1.38,-19.88,71.46
-20.56,-3.07,47.44
-0.69,-21.03,71.80
-6.32,55.14,20.96
-13.72,48.60,22.11
-12.37,-11.80,55.32
15.65,11.90,38.40
1.61,49.02,22.33
11.12,-12.59,59.35
-11.85,-13.45,56.79
19.17,-6.27,53.44
-21.34,22.92,30.28
-22.10,-1.43,45.82
-17.87,31.33,26.34
-23.57,19.08,32.24
16.38,10.30,39.36
19.04,3.28,44.74
2.87,46.84,22.71
-14.98,-7.91,51.38
-17.53,35.33,24.88
-26.82,11.11,36.73
-1.31,52.43,21.45
-19.43,29.42,26.97
-25.80,6.75,39.52
-17.73,40.52,23.61
5.42,-16.06,62.01
-21.53,24.93,29.00
7.20,28.39,28.25
6.89,31.16,26.96
-3.79,54.49,20.94
-16.68,42.76,23.08
18.12,5.84,42.32
-13.29,-10.39,53.34
-16.56,-7.01,50.13
8.86,23.74,30.49
13.40,-12.24,58.43
19.73,-4.97,51.50
5.10,39.41,24.20
3.92,44.01,23.16
-15.35,44.89,22.57
19.72,-3.44,50.00
4.60,41.25,23.75
14.95,13.05,36.89
-24.96,17.48,32.53
5.96,36.58,24.81
3.99,-18.04,63.70
-12.95,51.01,21.29
-23.85,0.48,43.56
18.62,-8.75,54.91
6.85,32.70,25.96
-14.61,46.99,22.03
-25.15,3.32,41.34
10.13,-14.22,59.72
-22.21,21.25,30.37
-9.98,-18.55,60.98
-3.16,-22.89,69.19
11.85,18.28,33.27
-17.76,-6.76,49.36
7.78,-15.58,60.88
-25.75,5.01,40.03
19.64,1.03,45.62
17.21,8.17,39.96
-7.91,-21.13,64.16
-11.72,-15.27,57.32
-26.88,14.93,33.62
-5.81,-22.67,66.77
8.00,25.43,29.11
-21.08,27.48,27.12
-11.19,-16.64,58.55
-19.51,-5.84,48.21
2.96,-20.41,66.51
-25.85,16.41,32.61
-18.51,37.49,23.88
20.10,-2.06,47.88
13.31,15.80,34.39
-9.29,55.59,20.20
0.07,-22.43,72.23
20.00,-0.35,46.20
-27.72,12.70,34.47
-21.72,26.34,27.29
15.77,-11.97,56.95
-11.67,54.16,20.33
-18.73,38.74,23.43
-21.88,-4.15,46.22
14.53,13.70,35.44
6.06,-17.74,62.14
-26.82,7.55,37.45
2.74,47.04,21.97
11.98,-14.46,58.93
-22.32,22.70,28.73
17.52,-11.18,55.72
16.66,9.56,37.93
-12.79,-13.55,54.22
2.81,-21.87,72.21
-23.62,-2.48,44.19
20.67,-7.59,51.82
-18.19,31.39,24.87
1.22,49.54,21.17
-15.92,-9.18,49.79
21.10,-5.13,49.15
-1.32,-24.33,72.10
-14.76,48.32,20.95
10.17,-16.60,59.88
7.81,-18.03,61.23
4.49,-21.04,64.88
-23.32,19.66,29.57
6.31,33.72,24.59
-7.78,56.08,19.53
-27.70,8.48,35.80
-23.83,18.51,30.07
-2.57,-24.86,71.28
20.72,-1.85,45.87
-9.83,-21.15,61.16
-21.48,-6.55,46.69
-24.84,-1.29,42.49
5.05,-21.47,71.74
-21.20,26.90,25.87
-1.74,53.00,20.16
-18.99,39.31,22.63
-26.14,2.02,39.92
13.40,-15.01,57.77
4.16,43.09,22.25
-28.53,11.66,33.46
-17.71,-9.02,48.63
-4.27,54.74,19.69
16.04,10.88,35.75
8.76,23.11,28.49
-11.13,-19.52,58.76
-28.36,9.93,34.45
-26.70,3.86,38.45
-22.89,23.49,27.19
20.56,-0.60,44.17
-13.85,-12.00,51.22
-25.00,16.89,30.35
-19.20,37.08,22.96
4.42,40.78,22.61
17.86,6.38,38.60
-22.40,25.05,26.27
-18.23,40.73,22.11
-15.46,46.01,21.02
6.09,-20.28,62.47
-26.65,14.84,31.28
14.90,-14.34,56.45
3.63,45.06,21.60
17.46,7.59,37.55
9.94,20.93,29.22
-14.88,-11.26,50.12
7.91,24.82,27.21
-25.83,-0.07,40.69
21.53,-3.67,46.38
-5.98,-25.17,65.61
19.61,1.84,41.66
12.13,-16.66,58.46
17.01,8.80,36.51
-12.50,-17.16,55.48
11.44,18.59,30.38
-16.96,42.36,21.62
4.91,37.69,23.12
-14.03,52.58,19.55
6.87,28.58,25.31
-13.03,54.30,19.23
19.01,-11.78,53.62
20.67,-10.28,52.21
-0.26,51.41,20.06
13.01,16.16,31.60
21.40,-2.61,44.99
-28.19,12.66,31.93
6.48,31.05,24.60
10.91,-17.90,59.25
-16.24,-10.62,48.93
-22.04,-7.75,46.16
-13.66,-13.65,51.74
-23.35,-5.98,44.70
-20.51,-8.80,47.07
4.34,-23.31,72.30
-8.88,-23.64,62.21
2.38,47.75,20.74
-10.87,55.67,18.90
1.27,49.53,20.35
-28.39,7.75,34.75
18.61,4.24,39.24
21.72,-9.34,50.92
5.48,35.32,23.47
-25.58,-2.00,41.39
-13.25,-15.41,53.11
1.37,-25.01,72.53
17.08,-13.47,54.60
7.22,26.44,25.87
-24.93,-3.50,42.47
-19.84,28.51,24.57
14.81,13.22,33.01
-1.60,-26.22,71.61
-8.79,56.51,18.70
-19.12,33.70,23.25
-15.01,50.13,19.75
-23.75,21.15,27.20
22.27,-8.01,49.41
-26.77,1.16,38.90
-14.17,-12.78,50.43
-18.81,30.12,24.08
-27.99,5.81,35.66
-2.04,53.22,19.37
-24.23,18.53,28.33
-16.10,43.77,20.93
-7.17,56.20,18.66
8.88,-19.53,59.84
-18.80,31.30,23.66
-10.57,-22.49,59.55
22.73,-6.09,46.96
4.90,-23.55,64.33
-29.18,10.09,32.47
18.18,5.61,37.17
4.15,42.85,21.21
11.04,-18.56,57.83
-23.62,23.38,25.28
13.13,-16.90,56.09
-11.89,-21.11,56.98
-19.66,38.41,21.51
-27.50,1.30,37.43
-19.06,-11.08,47.14
-27.41,13.29,29.95
-15.73,47.78,19.50
-22.85,-9.07,45.03
22.65,-4.24,44.03
-24.13,-7.72,43.78
-9.78,-24.67,60.39
20.36,-12.37,51.25
-15.99,45.11,19.96
-15.22,51.35,18.73
-19.61,31.85,22.84
15.32,-15.63,54.02
-14.81,-14.19,49.59
-3.46,54.24,18.41
17.74,7.12,34.97
-25.10,-6.29,42.32
23.70,-8.58,47.51
-15.70,49.85,18.86
8.10,-21.13,58.87
-6.55,-27.48,63.95
7.81,24.12,25.21
-8.27,-26.43,62.05
9.16,21.62,26.31
-28.20,2.51,35.73
0.12,-27.83,72.07
5.42,-24.43,62.68
-28.73,4.33,34.49
5.74,32.61,23.01
4.86,-25.21,63.76
-25.00,20.48,25.58
-13.35,-19.02,53.49
-9.13,56.24,17.75
0.97,49.60,19.21
16.99,-14.85,52.59
-20.47,35.68,21.61
-20.71,27.58,23.59
19.25,2.40,37.82
-22.50,25.47,24.09
-26.45,14.12,28.61
-16.93,-12.90,47.60
-29.39,6.46,32.90
24.02,-6.99,45.53
9.10,-20.30,57.45
18.54,-13.96,51.63
-25.04,18.97,26.09
22.52,-11.05,49.05
-13.90,53.51,18.01
-20.05,29.62,22.99
18.89,3.61,36.75
-6.09,55.50,17.83
6.06,30.54,23.35
16.72,9.75,32.62
-27.46,-0.82,37.60
4.33,38.11,21.53
-12.88,-20.65,54.66
-1.65,52.54,18.44
18.51,4.89,35.66
-17.10,41.93,20.11
21.53,-1.95,40.76
12.65,16.56,28.42
-26.51,-3.94,39.63
6.27,28.91,23.65
4.24,40.39,20.94
6.17,-23.10,59.87
-13.99,-17.48,51.34
10.98,18.80,27.20
-29.91,8.43,31.29
-4.35,-28.71,65.14
3.23,-26.85,64.76
-20.58,33.09,21.96
3.30,45.92,19.71
-18.66,39.94,20.42
-28.10,0.55,36.27
-16.46,43.54,19.68
-28.29,11.88,29.20
-20.38,31.46,22.28
-27.41,12.75,28.71
14.42,14.00,29.60
-9.64,-25.98,59.96
-25.48,16.25,26.88
4.28,41.80,20.49
-12.30,-22.41,55.77
-21.23,-11.70,45.46
4.83,35.37,21.91
-24.45,23.45,24.21
15.83,11.65,30.82
-25.33,21.69,24.62
20.11,0.43,38.33
-11.61,55.47,17.39
7.58,-21.70,57.62
2.41,-27.89,72.25
-29.57,9.95,29.97
24.33,-10.13,47.28
-3.17,53.93,17.84
-11.04,-24.44,57.65
-24.70,-8.94,42.75
6.85,26.11,24.06
10.53,-19.25,54.78
17.35,-15.09,51.10
4.73,-25.76,61.88
4.18,43.11,19.99
-25.80,19.89,24.89
-19.19,-13.00,45.99
25.00,-9.00,45.74
-4.43,54.63,17.50
15.86,-16.02,51.32
-15.88,49.98,17.93
-29.25,2.88,33.43
24.89,-7.08,43.51
13.04,-17.62,52.48
-13.57,-20.68,52.47
19.61,1.59,36.23
-23.63,-11.30,43.55
-26.09,-7.57,40.47
-21.50,26.90,22.66
-6.90,-29.21,62.18
-16.56,45.82,18.45
23.76,-4.95,41.05
20.30,-14.00,48.80
6.33,-22.75,56.40
-8.22,55.64,16.79
7.80,-21.33,54.87
-27.50,12.10,27.31
-3.62,53.56,17.18
-26.53,20.28,24.08
-21.62,31.17,21.35
-21.91,34.13,20.63
5.99,29.87,22.32
-10.30,55.57,16.63
-26.45,21.35,23.64
3.61,-27.68,61.42
-30.36,5.10,30.87
-17.03,-15.30,46.17
-15.73,-16.89,47.61
10.62,-19.08,52.06
14.89,13.43,27.82
15.81,11.91,28.65
-6.14,54.72,16.73
-28.87,-0.22,34.13
22.72,-3.61,39.01
-21.26,36.69,19.83
19.29,3.27,33.90
-27.48,-5.11,37.47
2.88,-28.75,62.33
-9.21,-28.26,59.12
13.92,14.84,26.91
17.07,9.54,29.85
26.25,-9.49,43.93
20.71,-1.12,36.91
-12.85,-23.43,53.48
-14.72,-18.98,49.15
-26.42,13.49,25.98
25.23,-11.50,45.55
4.72,34.60,20.87
17.57,-15.76,48.95
4.53,36.03,20.52
-1.50,-30.84,63.97
-25.41,22.60,23.02
-18.27,-14.96,45.26
-26.07,15.09,25.17
8.17,22.48,23.85
-30.12,3.48,31.28
4.41,38.16,19.97
-21.77,28.13,21.58
4.36,40.92,19.35
-28.90,10.33,27.25
-17.32,42.67,18.41
1.72,48.45,17.76
-18.14,40.49,18.80
8.96,-20.32,52.17
-14.22,-20.66,50.18
-30.58,6.56,29.20
10.23,19.43,24.59
-26.49,17.54,24.26
21.75,-2.41,37.33
-22.71,-13.51,43.36
-27.15,-6.87,38.03
6.30,27.23,22.39
1.32,-30.07,62.64
-15.28,51.87,16.62
4.11,43.89,18.62
-13.75,-22.18,51.34
-7.74,-30.19,60.49
-16.35,50.21,16.84
12.32,16.92,25.22
5.56,32.31,21.05
-24.10,-12.74,42.38
-20.50,-14.62,44.11
-26.62,-8.69,39.14
20.55,-0.51,35.53
-1.49,51.16,17.00
20.03,0.90,34.47
18.52,6.27,30.94
26.85,-10.93,44.06
3.73,-26.83,58.10
-25.46,-10.91,40.69
-28.13,-3.93,35.47
-16.80,48.13,17.09
-12.66,53.93,16.15
-22.22,26.35,21.66
9.82,-19.68,50.78
-22.84,34.58,19.65
4.52,-24.70,55.50
-30.11,8.52,27.46
11.35,-18.95,50.03
21.10,-1.73,36.03
-29.83,1.35,31.67
26.23,-7.82,40.98
5.63,-23.03,53.58
-23.39,24.69,21.93
-26.96,20.21,23.04
22.59,-13.98,46.06
23.02,-3.90,37.62
-17.11,46.14,17.31
24.28,-5.22,38.64
14.33,-17.68,48.81
-4.64,-31.75,62.14
-6.68,-31.29,61.04
-17.20,-16.70,45.33
3.41,46.31,17.76
15.34,12.89,26.59
27.27,-10.23,42.69
-30.71,4.08,29.57
-19.75,38.53,18.61
-27.80,-5.99,36.23
5.03,34.25,20.19
-9.09,54.27,15.91
-11.45,-26.95,55.02
2.47,-29.29,59.86
-17.37,44.63,17.39
6.86,24.67,22.48
6.90,-21.89,51.63
-23.40,32.31,19.75
-15.12,-20.20,47.77
16.85,10.43,27.36
-5.49,52.82,16.03
-23.11,29.21,20.28
3.37,-26.37,55.46
14.15,14.78,24.95
27.11,-12.02,42.87
-26.75,13.76,24.18
18.13,7.93,28.26
-22.02,-15.33,42.44
-16.61,49.66,16.00
4.64,38.57,18.68
-16.45,-18.88,45.53
9.47,20.20,23.07
27.36,-8.46,39.40
5.81,32.98,19.80
6.54,25.71,21.53
5.17,-23.16,51.14
-0.42,-32.17,60.82
26.21,-6.94,37.98
-20.77,-16.25,42.66
-27.59,11.07,24.67
4.55,39.99,18.19
-27.72,-7.65,35.68
-7.81,-31.94,58.75
8.80,-21.03,49.02
-23.68,33.94,18.64
-29.82,-0.56,30.74
19.55,-16.41,45.44
-18.19,41.11,17.29
3.52,46.42,16.87
-5.97,-32.98,60.27
0.30,49.12,16.30
12.90,16.46,23.97
-25.29,22.45,21.32
-27.06,-9.77,37.06
2.49,-27.70,55.16
-14.40,-23.22,48.81
6.65,27.93,20.78
19.53,4.58,29.46
22.13,-2.56,34.16
-13.23,52.89,15.23
27.99,-10.43,40.47
-14.85,51.69,15.37
-3.71,51.23,15.74
4.31,41.85,17.66
-23.84,-14.76,40.84
6.89,24.25,21.62
11.49,18.00,23.38
-23.32,26.18,20.29
24.16,-4.78,35.67
-31.12,5.40,26.75
2.37,47.35,16.50
-17.49,46.41,16.11
2.75,-26.53,53.44
3.88,-24.69,51.58
-18.67,-17.78,43.36
-24.49,31.97,18.81
8.04,22.34,22.04
3.79,44.86,16.95
-31.03,3.96,27.40
-11.59,52.83,15.12
0.70,-31.41,58.70
16.32,-17.93,45.88
21.08,-0.28,32.14
20.19,2.72,30.19
-29.33,8.69,24.99
-26.85,20.56,21.48
1.66,-29.61,56.44
-22.01,36.10,17.87
-30.50,1.51,28.71
-29.25,-3.03,31.62
11.69,-19.90,47.19
5.45,35.32,18.78
-13.20,-26.20,50.93
-18.95,39.41,17.22
-28.20,-6.70,33.96
-24.38,29.96,19.05
24.98,-14.49,42.91
6.60,30.91,19.68
16.32,11.99,24.90
3.37,46.32,16.45
-27.66,18.09,21.93
-23.95,28.00,19.47
-30.60,6.57,25.44
19.38,5.62,27.96
5.91,-22.96,49.17
-18.12,43.10,16.38
4.53,-23.88,49.77
-10.31,-30.67,55.14
-27.00,11.99,23.61
22.08,-16.04,43.61
-16.89,-19.88,44.26
13.91,-19.22,45.93
-8.78,51.83,15.03
18.82,7.18,26.86
6.37,32.60,19.11
18.08,8.83,25.94
-15.85,-21.38,45.57
28.06,-8.96,37.88
-4.60,-34.06,59.80
-2.53,-33.73,59.79
12.92,16.67,23.21
-1.98,49.76,15.52
-17.16,48.25,15.33
7.32,24.39,20.97
-13.41,51.82,14.80
-12.18,-28.58,52.35
-6.07,50.89,15.12
-27.50,15.13,22.41
-16.37,49.50,15.04
-26.02,-13.25,37.92
14.46,14.96,23.56
20.15,3.68,28.47
-24.38,23.24,20.20
-20.37,37.58,17.00
-28.77,-5.63,32.04
-21.38,-17.38,41.12
-27.08,12.86,22.89
10.30,19.59,21.97
-0.89,-33.15,58.16
4.68,39.03,17.31
-4.12,50.03,15.05
26.86,-7.18,35.40
-7.84,50.53,14.76
-25.15,31.02,17.92
0.99,-29.21,53.12
2.58,45.76,15.79
-14.81,50.02,14.54
29.37,-11.45,38.19
-6.16,-34.64,57.77
-11.99,50.59,14.38
8.96,21.84,20.83
-31.02,4.21,24.99
22.73,-2.73,31.22
1.87,-27.08,50.22
20.95,2.17,28.06
-18.15,44.53,15.16
7.57,28.53,19.12
28.25,-13.77,39.63
13.34,16.73,22.22
6.83,-23.37,46.73
-26.00,20.96,19.91
25.77,-5.98,33.30
-17.34,-21.23,42.94
-7.27,49.65,14.52
15.28,14.62,22.72
-5.70,49.33,14.56
16.60,12.72,23.27
-22.90,-17.60,39.37
-27.89,-9.39,32.93
-9.18,49.80,14.32
-0.64,-32.38,54.84
-0.21,47.29,14.96
6.35,34.39,17.54
-24.54,32.84,16.91
-30.80,1.91,25.41
-18.59,42.89,15.16
-30.51,0.20,26.34
9.22,-22.54,45.39
-27.29,10.96,22.34
-16.68,46.96,14.47
-2.88,-35.20,57.60
3.27,42.40,15.80
20.00,-18.21,42.02
17.20,-19.32,42.82
-24.78,27.34,18.00
22.48,-1.89,29.72
3.90,-25.40,47.52
-13.64,-28.41,48.87
-14.79,-26.22,46.70
-2.17,-34.56,56.66
-16.03,-23.85,44.42
24.62,-4.72,31.57
14.48,-20.46,43.53
-24.67,-16.57,37.83
-29.86,-2.27,27.58
22.71,-17.21,41.14
-12.31,-30.61,51.01
-19.73,38.17,15.82
20.83,3.43,26.38
11.91,-21.53,44.29
-28.25,8.85,22.82
-8.45,-34.24,55.23
-27.29,-12.25,34.34
19.80,6.36,24.95
-20.66,36.96,15.98
-27.98,14.45,21.08
18.44,9.63,23.85
21.98,-0.02,28.29
-28.47,-7.72,31.01
7.08,31.61,17.88
-25.77,30.83,17.04
30.11,-13.13,37.89
-28.17,15.97,20.60
-18.71,40.69,15.29
-24.24,23.76,18.69
-29.17,-5.37,29.34
-27.51,12.97,21.46
-25.77,29.64,17.27
-4.08,-35.46,57.03
-28.84,-6.73,30.21
-29.66,6.97,23.21
8.34,24.56,19.38
5.47,36.41,16.72
-0.45,-31.13,52.26
29.68,-9.78,34.86
-27.65,18.34,19.78
-14.05,48.61,13.95
21.58,1.56,26.91
1.87,-26.93,47.92
-22.32,35.32,16.00
-19.50,-20.38,40.38
9.61,21.61,19.96
-24.97,21.71,18.86
-3.80,48.00,14.22
26.23,-6.19,31.77
7.87,28.94,18.14
-21.45,-19.26,39.16
4.27,39.12,15.92
-3.07,-35.54,56.21
-0.07,-29.79,50.17
11.43,19.31,20.46
25.42,-16.56,39.52
27.77,-7.47,32.46
0.86,-28.09,48.36
30.92,-12.36,36.20
-30.59,4.99,23.33
-10.81,-33.27,52.39
1.15,44.84,14.71
-18.07,43.54,14.37
16.44,14.06,21.89
-26.41,-15.21,35.22
8.10,27.19,18.28
-11.44,48.38,13.70
23.77,-3.26,29.10
6.46,34.12,16.72
23.07,-2.03,28.27
18.14,11.42,22.55
-7.73,47.93,13.74
14.59,16.70,20.66
-13.76,-30.27,47.86
-2.24,46.67,13.90
-25.74,29.53,16.25
-22.90,-19.30,37.31
-30.21,-0.69,24.56
-1.62,-32.58,50.94
-20.95,36.40,14.95
-0.04,-29.45,47.72
-27.97,13.71,19.86
4.45,37.55,15.44
-28.65,-7.66,28.38
-14.25,46.55,13.39
-16.65,44.67,13.60
27.24,-6.62,30.18
19.38,9.66,22.43
-12.70,-32.37,49.27
-14.96,-28.69,45.53
20.56,-19.39,39.56
31.98,-13.14,34.99
22.40,1.26,25.15
21.37,4.04,24.14
31.33,-10.25,32.65
1.38,-28.13,46.10
2.98,39.83,14.84
-3.36,-35.30,53.05
28.69,-7.81,30.74
20.81,5.64,23.54
-24.76,21.57,17.68
30.91,-14.55,35.78
-16.24,-26.52,43.13
-17.98,-23.76,40.55
-19.71,38.03,14.39
11.74,19.43,19.32
5.46,35.36,15.65
-1.03,-31.07,48.50
6.22,-25.62,43.69
-19.47,-22.08,38.85
0.95,42.49,14.19
-18.84,39.54,14.06
-20.87,-21.06,37.83
-27.26,-14.27,32.26
25.80,-4.81,28.25
17.03,14.89,20.52
10.35,21.03,18.71
-27.39,11.27,20.05
22.72,-18.88,38.34
32.37,-11.85,33.22
-6.39,-36.59,53.34
-3.58,46.09,13.39
-28.16,15.62,18.78
-28.10,-9.71,28.79
-27.43,9.08,20.64
24.11,-2.07,26.30
-26.32,19.18,17.88
7.15,30.59,16.40
-24.51,23.41,16.93
-30.37,1.74,22.88
-27.79,17.32,18.28
9.30,-24.52,42.35
20.48,7.31,22.64
12.01,-23.42,41.52
-11.52,-34.46,50.31
14.70,-22.29,40.65
30.43,-9.00,30.90
-1.69,44.71,13.57
7.68,28.31,16.82
13.22,18.32,19.30
6.28,32.77,15.85
-29.77,5.26,21.59
-28.93,-6.14,26.14
-11.10,46.34,13.00
-30.35,3.94,21.98
-17.57,41.51,13.53
8.28,25.38,17.36
27.78,-16.93,36.42
17.66,-21.21,39.44
-5.80,46.05,13.11
-9.51,-36.12,51.63
-27.66,-12.23,29.92
19.27,11.75,21.01
20.14,9.17,21.77
-13.41,45.60,12.91
-25.04,-18.41,34.54
3.30,-27.49,43.96
29.16,-7.79,29.43
-28.37,6.93,20.84
9.04,23.17,17.71
-15.14,44.22,13.00
24.95,-18.36,37.01
-24.78,31.78,14.77
32.75,-13.70,33.62
-22.67,34.35,14.33
-30.03,-0.69,23.24
-26.62,-16.40,32.58
-25.06,25.86,15.87
-25.95,29.61,15.01
-8.28,45.81,12.82
5.13,34.57,15.05
3.63,36.72,14.60
-29.27,-4.07,24.37
-2.93,-34.34,49.62
21.57,5.01,22.75
-14.29,-31.76,45.92
-12.78,-33.96,48.17
15.85,16.92,19.11
-2.07,-32.71,47.76
-29.66,-2.23,23.49
12.05,19.32,18.38
32.69,-10.52,30.63
-0.66,-30.74,45.71
-25.81,28.00,15.12
1.12,39.53,13.83
28.29,-6.57,27.59
-19.87,-23.18,37.41
-19.09,38.42,13.34
-4.49,44.62,12.82
18.41,14.85,19.49
-12.79,44.33,12.59
-15.95,-29.45,42.87
22.64,2.90,22.99
-17.26,-27.16,40.52
-1.26,41.67,13.21
23.89,0.17,23.77
-11.54,-35.97,48.90
4.31,33.62,14.55
-10.05,44.50,12.39
-3.89,-35.66,49.11
21.06,8.70,20.83
33.85,-13.36,31.46
-27.16,9.63,18.88
30.58,-8.12,27.71
-21.02,35.66,13.33
26.71,-4.27,25.24
-28.04,-9.09,25.56
-24.90,20.41,16.18
-27.64,15.88,17.13
25.17,-1.93,24.25
-18.59,-25.51,38.20
5.93,29.90,15.12
20.14,13.09,19.40
-15.22,41.55,12.50
-27.30,7.84,19.21
-7.99,-37.85,50.49
-29.06,-3.87,23.06
-17.69,39.38,12.71
7.12,27.60,15.52
-28.82,4.88,19.95
17.59,16.61,18.31
33.88,-10.68,29.00
19.66,-21.64,36.62
-29.60,2.92,20.47
-6.75,-37.95,50.32
-29.37,-1.93,22.12
-22.52,-21.70,34.29
1.60,36.12,13.68
-24.59,24.61,14.95
-3.25,-34.43,46.90
-7.21,43.51,12.29
9.76,21.34,16.82
-3.99,42.21,12.55
34.23,-11.86,29.66
-26.10,-18.12,31.22
-0.90,38.82,13.07
-27.57,12.31,17.60
-27.54,-11.50,26.26
-5.39,-37.14,49.21
-24.94,26.03,14.52
0.94,-30.12,42.65
-28.61,-5.37,23.22
30.05,-17.35,33.17
22.64,-20.58,35.36
-27.39,-13.19,27.22
-24.24,22.67,15.13
-2.71,40.47,12.65
33.04,-9.90,27.79
7.38,25.62,15.56
11.99,-25.31,38.61
32.89,-15.49,31.68
25.37,-19.53,34.42
-2.12,-32.81,44.63
9.33,-26.48,39.42
16.04,17.60,17.59
13.67,18.33,17.33
11.24,19.68,16.92
21.10,10.95,19.42
8.56,23.04,16.08
-25.33,28.57,13.81
6.63,-27.61,40.21
-9.59,43.16,12.01
14.62,-24.21,37.63
-13.22,-35.35,46.06
3.81,-28.82,41.04
-0.93,-31.57,43.30
22.44,5.26,21.02
-11.90,42.30,12.02
-26.92,-15.61,28.54
34.40,-11.01,28.13
24.92,-0.52,22.82
27.62,-18.85,33.37
-17.94,-27.74,38.23
-24.90,-20.05,31.57
-11.75,-37.09,47.38
-18.76,-26.37,36.96
-16.88,-29.98,40.19
-9.98,-37.93,48.36
-27.88,-7.57,23.48
-19.26,36.89,12.37
16.76,-23.52,36.47
23.91,1.78,21.86
-23.52,32.53,12.90
-25.05,30.53,13.15
20.88,12.67,18.58
-4.02,40.18,12.30
6.19,27.17,14.78
-4.38,-36.03,46.55
-27.80,14.11,16.39
26.22,-2.46,23.21
-29.35,-0.07,20.42
-15.42,-33.06,42.66
29.71,-6.54,24.81
-24.10,24.01,14.28
2.27,32.08,13.66
19.55,14.80,17.85
-20.08,-24.87,35.08
-26.31,17.27,15.61
-3.02,38.36,12.46
31.89,-8.37,25.60
-0.74,35.55,12.93
-27.53,5.74,18.51
17.48,16.95,17.12
-9.52,41.22,11.72
27.83,-4.41,23.60
-16.88,38.26,11.90
-27.50,15.13,15.80
-14.21,39.80,11.73
-28.09,-5.33,21.86
34.93,-14.03,28.79
-7.54,-38.48,47.65
-26.86,8.30,17.43
-26.83,-13.54,25.19
-6.16,39.04,11.90
3.85,28.16,13.90
-25.09,29.28,12.73
22.23,8.31,19.00
-28.32,3.23,18.58
-3.55,-34.86,43.54
-12.11,39.86,11.48
-3.34,35.33,12.28
-25.75,-19.07,28.40
-18.88,-27.32,35.32
-0.85,32.23,12.79
-26.60,-11.15,23.54
12.13,18.60,15.78
5.31,25.40,14.13
34.96,-12.27,26.54
31.86,-7.90,24.19
-23.41,22.11,13.72
1.26,29.43,13.21
-18.81,35.93,11.58
15.36,17.47,16.06
-13.65,38.79,11.36
13.48,18.04,15.82
-23.62,24.77,13.12
-21.19,33.60,11.78
-1.58,-33.14,41.03
-11.78,-38.34,45.33
-26.73,-9.45,22.44
-28.26,-2.95,19.93
23.99,2.74,20.05
2.25,27.74,13.37
-28.76,-1.00,19.19
6.96,22.84,14.42
-24.01,30.06,12.07
25.45,-0.32,20.96
-28.60,0.58,18.63
-23.29,31.75,11.84
-17.90,-29.86,36.68
-27.31,12.98,15.25
35.73,-14.01,26.96
-24.21,19.30,13.90
-10.04,38.14,11.31
-23.95,27.63,12.37
-26.94,14.99,14.70
-26.23,-15.74,24.98
31.02,-18.48,29.77
19.97,-23.38,33.03
-14.83,37.09,11.26
-17.29,36.31,11.28
-12.63,37.97,11.21
-16.96,-32.65,38.88
28.19,-19.90,30.65
22.78,-22.17,32.14
-24.07,-21.50,29.13
-14.08,-36.95,43.06
25.50,-21.06,31.32
17.19,-24.69,33.81
11.98,-27.05,35.54
35.49,-14.94,27.31
20.06,14.31,16.49
9.33,-28.26,36.41
-26.66,-8.22,21.48
-5.86,34.76,11.75
33.55,-9.97,24.39
14.57,-25.92,34.60
1.24,-31.75,38.99
6.69,-29.44,37.18
21.29,11.27,17.22
-3.42,31.89,12.21
2.68,26.12,13.34
22.40,8.79,17.85
0.95,27.48,13.03
-8.02,36.51,11.39
4.01,-30.57,37.91
27.37,-3.20,21.57
-26.07,-17.64,25.72
-1.02,29.10,12.65
-22.03,-23.79,30.58
22.72,7.58,18.12
-9.38,-39.36,45.37
18.13,15.80,15.90
9.52,19.51,14.75
-5.75,-37.67,43.80
33.91,-16.66,27.90
-3.21,-34.71,40.99
31.03,-7.09,22.87
-7.72,-39.14,44.81
23.16,5.32,18.52
29.28,-5.46,22.11
-26.20,7.50,16.00
-26.57,9.68,15.42
-9.55,36.16,11.18
-25.90,-10.21,21.73
-26.98,3.42,17.04
-16.44,35.42,11.05
-26.27,5.61,16.44
-15.95,-35.60,40.47
-22.91,20.64,13.09
-11.48,35.65,11.13
-22.49,30.87,11.42
-28.08,-1.68,18.46
-8.43,34.40,11.34
-18.15,33.93,11.10
-22.66,21.90,12.75
-20.29,-26.13,31.56
-6.29,31.62,11.70
-4.15,-35.95,41.19
32.52,-8.52,22.96
-27.54,1.43,17.28
-25.22,-14.52,23.21
12.86,17.34,14.81
-25.91,16.05,13.62
-3.74,28.68,12.12
-26.52,-6.33,19.72
-14.37,33.66,11.02
-9.93,32.27,11.26
-22.38,25.20,11.86
-20.22,31.07,11.07
3.75,23.00,13.10
-24.84,-12.15,21.70
35.40,-15.21,25.37
-0.54,25.14,12.48
19.74,13.53,15.48
22.29,7.54,17.02
15.51,15.95,14.73
-21.40,27.84,11.28
-12.65,-39.43,42.50
-26.85,-3.88,18.19
6.60,20.40,13.40
-10.75,-40.05,43.15
-22.04,22.66,11.93
-26.61,11.16,13.95
-7.64,28.51,11.48
-24.80,-20.14,24.96
-4.33,26.20,11.92
-24.89,-17.70,23.62
-12.15,30.25,11.05
-3.23,-35.55,38.86
-17.25,-35.14,37.55
-24.94,-9.54,19.99
-16.68,30.44,10.87
-25.89,3.48,15.76
-19.35,29.33,10.92
-16.43,-36.85,39.06
-26.97,-1.35,17.03
1.48,22.88,12.51
32.05,-8.24,21.66
7.80,18.84,13.42
-25.50,4.59,15.31
-19.21,-28.92,31.55
-26.44,13.12,13.21
-25.30,-7.60,18.92
-23.69,-14.28,21.59
17.51,14.11,14.60
30.75,-7.02,20.93
24.66,1.21,18.10
20.34,11.34,15.30
-22.51,19.79,11.89
-18.29,27.76,10.83
35.30,-13.38,23.36
28.42,-21.29,27.42
-25.29,6.38,14.50
-18.25,-32.52,33.98
29.76,-5.99,20.34
-8.37,-40.01,41.65
22.91,-23.67,28.84
31.27,-19.86,26.43
-3.64,23.70,11.82
-1.28,-34.68,36.91
12.03,-28.67,32.30
25.61,-22.53,28.06
14.68,-27.46,31.40
-25.95,14.90,12.52
26.80,-2.34,19.00
9.37,-29.89,33.17
10.81,15.84,13.75
20.20,-24.92,29.59
-10.76,27.66,10.98
28.66,-4.77,19.82
6.71,-31.12,34.02
-13.78,28.32,10.79
17.41,-26.24,30.43
2.51,21.22,12.38
13.44,14.87,14.00
-4.78,-37.49,39.16
4.06,-32.30,34.79
-6.35,24.98,11.43
-16.01,27.92,10.72
-21.61,-25.13,27.20
-14.86,-38.92,39.75
-25.29,-6.42,17.97
-8.70,26.31,11.13
-1.84,22.44,11.94
1.37,-33.49,35.59
-23.20,-22.95,25.30
0.33,21.69,12.10
8.31,17.08,13.21
-19.15,25.58,10.85
15.41,14.06,14.09
18.91,12.24,14.59
6.72,18.38,12.86
4.70,19.61,12.56
20.62,8.76,15.43
-25.75,9.13,13.44
-25.79,0.79,15.52
35.53,-16.87,24.34
-20.48,23.50,10.98
-26.13,10.81,12.95
-23.01,-12.74,20.00
-24.37,-8.34,18.30
-21.30,21.33,11.21
34.03,-18.34,24.81
-20.42,-26.98,28.05
-14.68,26.92,10.63
33.68,-10.66,21.54
-24.74,16.34,11.86
-6.21,-39.01,39.65
-23.19,-16.87,21.63
-10.14,25.93,10.86
35.91,-15.92,23.62
22.76,4.19,16.37
-23.77,-18.68,22.30
-23.98,-19.87,22.87
-3.16,21.78,11.64
14.24,13.10,13.80
19.20,10.36,14.59
-22.36,-15.03,20.55
-16.96,-37.67,37.09
21.43,6.28,15.60
-18.63,24.11,10.62
-25.17,-4.56,16.44
-16.50,25.23,10.47
-24.63,3.14,14.24
-23.11,-10.40,18.38
-12.44,25.30,10.51
16.31,11.14,13.99
-11.51,-41.04,39.87
-5.02,21.26,11.21
-8.83,23.45,10.76
-25.71,13.49,11.69
32.07,-8.92,20.01
-25.22,-2.52,15.40
8.87,14.13,12.85
2.37,18.29,11.84
-23.20,-21.91,22.83
12.05,11.84,13.39
-1.57,19.37,11.47
6.14,15.97,12.32
18.52,8.54,14.35
-18.13,-35.95,33.99
-24.56,7.26,12.66
-21.44,-16.39,19.91
-21.67,-12.50,18.32
-5.49,-38.94,36.94
35.53,-17.81,22.98
-23.04,-8.01,16.62
21.23,4.71,15.01
-21.82,-25.08,24.02
-24.51,-4.16,15.28
-10.86,22.98,10.30
-3.77,18.80,11.10
-25.01,9.93,11.78
-18.18,22.49,10.11
19.47,6.03,14.45
20.74,-25.95,26.59
0.69,17.39,11.41
14.20,8.79,13.58
-9.08,-41.23,38.44
7.47,13.38,12.35
-22.46,-20.28,21.13
30.36,-7.54,18.63
-16.42,23.29,9.97
-23.15,17.18,10.50
-20.74,19.88,10.22
35.14,-13.58,20.81
-20.76,-14.67,18.67
35.90,-15.94,21.73
-4.02,-37.90,35.18
23.59,0.86,15.67
-24.47,15.55,10.58
-21.44,-18.19,19.93
-14.67,23.14,9.93
-21.53,-10.98,17.14
28.78,-22.88,24.49
-5.23,18.39,10.82
34.27,-12.16,20.07
-23.89,-1.81,14.15
-23.62,0.44,13.57
-7.42,19.62,10.54
16.45,6.95,13.77
21.90,2.96,14.95
1.95,15.93,11.40
12.09,-30.25,28.87
23.00,-25.13,25.39
9.43,-31.49,29.77
25.88,-24.07,24.86
-19.41,-31.31,27.84
28.13,-5.07,17.40
-20.16,-28.68,25.52
6.77,-32.73,30.63
4.05,14.60,11.68
31.71,-21.62,23.79
-12.39,22.45,9.98
10.41,9.38,12.93
6.23,13.07,12.02
-25.02,13.87,10.67
8.28,11.10,12.47
-23.26,-5.41,15.08
-23.75,-3.73,14.54
4.10,-33.96,31.47
14.84,-29.02,27.82
-25.27,12.07,10.89
12.31,7.88,13.22
-7.23,-40.52,36.80
1.42,-35.20,32.24
-23.17,4.73,12.32
-20.74,-26.98,23.99
-1.29,-36.49,33.21
25.92,-2.42,16.33
-0.12,15.64,11.19
-3.30,16.50,10.92
-16.27,-40.30,35.79
-23.77,6.95,11.75
-17.71,-38.53,33.92
-22.18,-22.60,21.34
33.17,-11.04,19.23
-18.32,-37.34,32.70
-10.39,20.46,10.06
14.19,6.40,13.42
-21.77,-24.25,22.08
17.89,-27.78,26.35
-22.80,2.10,12.71
20.27,3.68,14.24
31.97,-9.71,18.54
9.05,8.78,12.60
2.29,13.85,11.35
-16.38,21.87,9.63
-18.96,-34.43,29.48
-5.72,-39.59,35.05
-12.04,-42.25,37.24
-14.00,-41.87,36.72
-18.62,-36.51,31.15
-19.97,-12.95,16.95
-1.73,14.33,10.97
-8.73,-41.58,36.60
4.53,11.41,11.70
-10.33,-42.05,36.91
34.23,-20.36,22.37
-8.85,18.19,10.11
15.25,5.05,13.39
10.21,6.91,12.75
-22.57,-1.43,13.16
-6.88,16.38,10.36
-21.38,-7.23,14.79
0.32,12.28,11.17
-19.68,-17.25,18.09
-3.96,13.15,10.71
17.50,3.46,13.51
-20.79,-26.26,22.05
6.92,7.45,12.15
-14.41,20.02,9.43
-19.66,-10.46,15.33
-22.03,17.13,9.45
34.35,-13.21,18.88
-23.69,14.21,9.70
-21.14,-4.16,13.33
-18.32,19.73,9.27
-20.60,18.65,9.30
-23.95,10.74,10.10
-22.60,6.78,10.78
21.21,0.83,14.04
2.39,8.67,11.49
-21.37,2.57,11.64
13.07,3.78,12.93
-20.26,-20.32,18.71
-1.89,9.61,11.04
-21.03,-0.09,12.11
24.09,-1.85,14.66
-20.72,-23.18,19.77
-18.70,-12.94,15.84
35.60,-15.61,19.46
-11.29,16.55,9.60
-5.50,10.32,10.62
-18.31,-38.36,30.66
9.28,3.71,12.44
-8.50,12.82,10.07
-19.59,-7.66,13.90
-21.14,4.13,10.96
-8.92,-42.01,34.47
-0.23,6.27,11.30
3.80,5.13,11.69
6.64,3.93,12.06
27.07,-5.54,15.35
-4.32,6.91,10.93
25.69,-3.97,14.80
10.88,2.13,12.57
-17.62,-15.01,15.94
35.74,-18.59,19.96
28.99,-7.98,16.01
-23.67,11.80,9.40
-16.86,18.75,8.96
-8.16,8.93,10.34
-18.88,-36.75,28.01
-20.53,17.56,8.93
-6.42,-40.83,32.68
-6.63,6.53,10.74
-2.30,5.25,11.16
-17.62,-12.62,14.97
20.70,-28.37,23.67
-10.30,11.25,9.83
-19.29,-35.22,26.36
18.62,0.28,13.14
15.86,1.03,12.83
29.68,-24.73,22.05
-17.87,-17.28,16.44
-19.56,-29.60,21.92
-21.86,15.07,8.97
26.82,-26.02,22.47
1.49,3.91,11.42
9.55,-33.08,26.02
-8.02,6.21,10.55
6.86,-34.35,26.96
-18.89,-2.33,11.75
-18.49,17.90,8.82
-19.35,-31.48,22.98
4.20,-35.61,27.85
23.98,-27.24,22.86
-19.61,-22.56,18.28
3.25,3.11,11.59
-13.68,15.20,9.13
-20.31,5.14,10.14
-12.60,12.87,9.39
12.45,-31.90,25.07
13.87,0.71,12.59
-15.81,16.60,8.95
-14.30,-43.13,33.78
-11.10,9.95,9.78
-15.68,-42.50,33.03
7.52,1.30,12.14
5.16,2.19,11.83
1.52,-36.87,28.69
-22.82,10.18,9.32
20.54,-1.08,13.30
-21.49,7.75,9.66
-19.04,2.42,10.63
11.85,0.51,12.50
-18.31,-19.09,16.83
9.64,0.65,12.35
-17.22,-11.25,14.14
-17.54,-9.39,13.56
-12.02,-43.12,33.76
-18.44,-4.40,12.13
15.51,-30.86,24.35
22.59,-2.44,13.67
-1.05,3.54,11.18
-10.24,7.42,10.10
-17.96,-6.72,12.72
-3.82,-39.53,30.67
32.59,-23.30,21.15
31.91,-11.60,16.71
-6.11,4.29,10.79
-17.28,-40.86,31.05
-1.16,-38.17,29.51
-3.48,3.67,11.01
-18.55,-0.16,11.06
-22.19,11.96,9.07
2.20,2.63,11.45
24.57,-3.93,14.06
-19.51,-28.28,20.67
-19.53,-26.39,19.64
-14.82,14.54,8.99
-19.21,-34.12,24.23
-19.39,15.77,8.76
15.13,-0.38,12.56
19.30,-1.41,12.98
-11.54,6.40,9.95
3.22,1.21,11.56
-17.56,-3.42,11.54
-9.43,4.41,10.33
-13.71,8.99,9.48
-16.64,13.17,8.94
25.76,-5.46,14.23
-20.24,13.27,8.83
18.05,-30.25,23.48
8.36,-0.65,12.16
0.84,1.71,11.28
-20.87,9.03,9.18
-17.34,0.67,10.58
-18.45,-21.72,17.15
35.74,-16.96,18.19
-18.04,5.91,9.60
-4.65,2.01,10.81
-18.44,9.90,9.07
13.81,-1.46,12.44
-13.46,5.14,9.83
-16.06,-10.70,13.30
17.12,-1.96,12.68
-15.91,7.40,9.39
34.86,-21.72,19.82
34.67,-15.15,17.34
-16.34,-1.82,10.91
-15.41,1.80,10.21
-16.38,-5.16,11.64
6.04,-1.33,11.87
20.66,-3.54,12.98
10.42,-2.52,12.22
-15.01,-12.69,13.55
-11.14,1.42,10.24
1.96,-1.25,11.34
-18.13,-24.82,17.63
26.68,-7.69,14.14
23.94,-5.56,13.42
-6.72,0.46,10.46
-15.72,-18.15,15.04
-16.91,-20.50,15.83
-2.31,-0.51,10.79
-12.85,-1.54,10.42
-18.90,-36.99,24.42
-14.37,-9.21,12.06
28.89,-10.34,14.61
-13.42,-5.26,10.89
3.99,-4.43,11.60
-13.72,-15.67,13.76
14.74,-5.13,12.33
-18.74,-31.66,20.12
7.97,-5.64,12.02
-18.62,-30.38,19.39
35.77,-20.72,18.19
-17.79,-27.28,17.87
-9.06,-43.19,30.29
-18.30,-39.49,25.84
18.57,-5.77,12.51
-9.39,-2.34,10.22
-4.74,-2.07,10.32
0.75,-4.17,11.06
11.30,-6.33,12.13
-11.15,-4.16,10.37
-12.80,-12.07,12.25
-16.12,-23.15,15.84
-17.29,-41.73,27.54
16.95,-6.68,12.37
-12.36,-7.92,10.99
5.33,-7.61,11.92
2.60,-6.38,11.43
9.89,-7.52,12.12
31.90,-13.45,15.00
17.01,-32.52,22.03
35.37,-22.28,18.20
-14.91,-20.89,14.74
-18.47,-38.63,23.89
-16.41,-42.83,28.31
-14.47,-43.91,29.48
-6.26,-3.74,10.10
30.42,-12.71,14.46
6.45,-9.71,12.25
21.89,-7.44,12.48
-9.37,-5.02,10.15
4.77,-9.43,12.06
-11.44,-14.02,12.36
24.73,-8.57,12.89
-13.64,-19.55,14.02
3.00,-8.50,11.63
-12.39,-17.88,13.51
27.97,-27.81,19.80
-11.43,-9.52,11.01
-3.69,-4.28,10.21
-18.40,-38.24,23.02
-1.50,-5.18,10.52
8.85,-9.37,12.13
-7.93,-4.72,10.02
4.94,-37.73,24.21
18.02,-7.79,12.20
-17.44,-29.58,17.78
11.23,-8.64,12.04
-15.77,-25.65,16.11
-10.23,-7.45,10.46
-6.16,-42.34,27.80
25.19,-29.16,20.15
19.51,-31.80,21.16
7.96,-36.68,23.50
0.71,-7.16,11.02
1.99,-38.78,24.81
-11.12,-11.70,11.50
26.72,-10.22,13.28
-0.86,-39.76,25.52
30.96,-26.26,19.08
22.39,-30.49,20.59
3.64,-9.97,11.87
13.52,-8.39,11.98
-11.04,-16.16,12.76
16.14,-8.12,12.05
11.13,-35.54,22.74
7.63,-10.95,12.32
-3.42,-41.04,26.43
33.32,-15.36,15.02
-16.18,-27.66,16.62
35.46,-18.70,16.18
19.72,-8.26,12.10
-13.35,-21.00,14.06
-18.05,-34.31,19.78
-6.64,-5.71,9.95
5.48,-11.56,12.15
-7.65,-6.76,10.05
14.53,-34.38,21.82
-14.67,-24.92,15.37
28.42,-12.07,13.53
-2.77,-6.34,10.18
-9.46,-10.64,10.78
1.36,-10.36,11.38
-9.73,-15.46,12.16
-11.74,-20.33,13.60
-1.55,-7.93,10.51
34.05,-24.19,17.82
-4.70,-7.09,10.10
-12.99,-23.36,14.48
31.63,-14.43,14.09
-8.35,-13.77,11.44
25.39,-10.45,12.55
-17.67,-39.74,22.71
-9.21,-17.83,12.64
-16.98,-42.19,25.11
-6.76,-10.04,10.45
-17.73,-37.80,21.11
-17.52,-32.37,17.87
-2.79,-10.42,10.65
35.56,-21.97,16.61
3.13,-13.91,11.98
-11.68,-44.73,27.82
-0.82,-13.28,11.42
-4.54,-13.31,11.11
9.47,-13.44,12.03
-5.86,-16.65,11.99
-2.70,-15.96,11.85
15.45,-10.72,11.48
-6.74,-19.94,12.87
12.66,-11.82,11.59
-9.20,-22.40,13.57
23.85,-10.83,11.98
6.90,-15.15,12.18
18.23,-10.34,11.48
0.72,-16.45,12.13
-13.64,-27.17,15.06
21.17,-10.35,11.59
-1.54,-17.78,12.32
-3.73,-19.38,12.62
29.86,-14.50,13.09
26.65,-12.87,12.39
2.31,-18.29,12.38
-16.43,-42.19,22.87
4.63,-17.32,12.16
-5.82,-23.10,13.30
-0.09,-19.99,12.57
-7.96,-24.84,13.69
9.56,-16.48,11.93
-2.87,-22.29,13.02
32.26,-16.26,13.22
16.91,-12.04,11.00
-14.56,-30.46,15.34
-10.02,-26.48,13.85
-15.75,-32.49,15.91
11.26,-16.53,11.59
3.54,-20.07,12.15
35.06,-23.68,15.43
-1.62,-43.11,23.26
17.70,-34.97,19.18
14.23,-14.42,10.90
-14.79,-44.41,23.30
-0.93,-23.33,12.69
18.29,-13.15,10.65
35.57,-19.70,13.79
24.75,-14.17,11.37
20.39,-12.95,10.72
8.58,-18.75,11.66
22.65,-13.26,10.95
16.12,-14.11,10.68
-7.99,-45.34,24.44
13.30,-16.09,11.04
34.24,-25.14,15.52
-3.31,-25.00,12.89
34.14,-18.54,13.17
6.35,-19.99,11.69
15.51,-36.39,19.26
35.54,-21.49,14.13
-6.38,-26.64,13.11
29.52,-29.03,16.59
26.50,-15.41,11.54
6.98,-40.25,20.88
31.12,-16.87,12.27
28.80,-16.18,11.88
3.98,-41.54,21.49
1.03,-42.71,22.13
1.88,-22.81,12.12
26.67,-30.74,17.02
-12.70,-46.03,24.04
-15.65,-41.70,19.96
21.06,-33.74,18.03
-3.98,-44.57,23.26
-16.30,-37.36,17.15
12.60,-17.92,11.11
11.42,-18.75,11.30
13.59,-37.46,19.38
23.93,-32.29,17.43
-15.78,-35.15,15.86
15.19,-15.83,10.53
32.54,-17.79,12.32
-14.95,-43.65,21.04
32.58,-26.92,15.32
10.49,-39.20,19.62
25.58,-16.19,11.01
21.88,-14.94,10.30
35.43,-20.25,12.95
-10.15,-47.16,23.45
-10.92,-30.99,13.13
-15.37,-39.99,17.33
-3.25,-27.53,12.15
-7.89,-29.43,12.55
1.19,18.87,0.66
15.97,14.01,1.74
-1.38,20.09,0.41
4.37,18.02,0.89
-4.29,21.33,0.17
34.41,-24.26,13.54
9.86,16.79,1.26
34.53,-21.26,12.34
19.72,15.18,1.52
12.54,15.56,1.67
23.34,16.06,1.11
-13.10,-34.11,13.61
31.77,-19.42,11.30
-14.93,-37.40,14.90
-9.90,23.91,0.08
7.34,18.86,1.08
5.32,19.46,1.21
16.61,-37.73,16.87
17.12,16.43,1.89
-10.20,-48.29,21.51
21.40,17.13,1.58
1.52,20.63,1.17
-12.72,-44.94,18.43
3.52,20.39,1.23
-0.77,21.75,0.96
-11.57,25.09,0.38
32.63,-27.91,13.17
31.24,-29.09,13.48
11.85,18.51,1.71
-13.59,-39.28,14.36
-13.00,-37.20,13.23
-8.87,-48.79,21.26
-13.18,-42.50,16.22
28.68,20.70,0.47
33.30,-26.18,12.29
-13.54,-41.02,15.17
-6.94,24.27,0.71
-13.12,26.18,0.36
-14.69,26.84,0.23
5.79,21.20,1.25
8.83,20.99,1.22
-6.97,-48.53,20.89
15.26,17.84,2.02
-10.88,-47.58,19.64
-3.80,23.53,0.92
9.60,-41.67,17.35
13.40,18.55,1.94
6.65,-43.11,17.91
1.83,21.91,1.30
19.92,-36.65,15.39
22.52,18.44,1.71
10.47,20.55,1.51
24.76,18.83,1.57
17.76,18.44,2.01
11.76,-40.89,16.64
0.10,-46.31,19.01
8.04,22.21,1.26
26.65,19.89,1.34
28.89,-31.18,13.16
23.08,-35.12,14.46
9.46,21.94,1.33
-15.69,28.49,0.24
-17.06,29.95,-0.17
-9.93,25.79,0.87
20.30,19.00,1.96
-3.32,-47.97,19.57
0.86,23.46,1.23
-11.62,26.28,0.82
3.68,-44.95,17.94
6.43,23.11,1.27
27.29,24.69,0.01
14.39,19.69,2.10
13.12,20.35,1.95
26.09,-33.45,13.47
4.08,23.49,1.28
-1.55,24.55,1.16
14.54,-39.91,15.47
-13.95,27.79,0.81
25.25,20.54,1.75
-4.41,25.86,1.16
18.38,20.27,2.20
26.30,22.57,1.19
-11.04,-41.82,13.25
1.53,25.65,1.15
12.74,22.20,1.98
-7.32,-49.31,18.35
10.54,23.41,1.69
-7.37,27.25,1.19
-9.65,-47.12,16.08
-1.16,27.24,1.10
15.93,21.48,2.32
23.03,21.58,2.05
-15.96,32.00,0.26
7.97,25.36,1.48
24.97,25.76,0.79
5.06,26.90,1.17
-11.11,28.81,1.17
-14.15,29.60,1.05
-9.15,-44.81,13.64
2.52,28.37,0.98
19.45,21.88,2.41
13.07,-41.55,14.08
-3.84,-49.56,17.51
18.79,-38.88,13.14
10.02,-43.04,14.57
-4.02,28.75,1.13
-8.13,-48.63,16.27
24.46,23.82,1.73
23.46,27.58,0.72
7.06,-44.86,14.73
-1.70,-49.36,16.67
4.99,-46.16,15.12
-0.14,30.57,0.83
5.45,29.29,1.05
-6.70,30.51,1.10
-15.14,35.13,0.06
13.67,24.20,2.34
15.68,-40.97,12.76
1.72,-47.89,15.59
18.88,30.91,0.22
-3.61,31.38,0.88
20.33,30.03,0.47
3.37,-46.85,14.83
3.64,30.88,0.83
0.21,-48.48,15.48
21.53,28.53,0.97
-13.09,31.64,1.22
15.87,32.32,0.05
1.98,31.84,0.68
-6.96,-47.48,13.70
23.02,25.05,2.03
-5.14,32.19,0.86
-8.83,31.80,1.09
11.53,26.12,2.13
22.96,27.04,1.54
-1.78,33.18,0.57
-3.98,33.25,0.65
8.30,29.28,1.40
-5.42,-48.92,14.52
10.54,34.58,-0.30
3.05,32.72,0.61
0.86,33.44,0.48
-3.41,-49.62,15.13
-10.85,32.49,1.17
-13.55,33.98,0.83
10.45,-43.49,12.42
20.69,24.56,2.51
-1.45,-49.60,15.27
-6.44,33.62,0.72
6.00,-46.01,13.58
10.02,27.81,1.89
-13.50,36.44,0.18
6.44,31.38,0.96
18.09,24.31,2.71
-13.36,38.46,-0.49
16.06,24.51,2.74
8.71,35.15,-0.21
4.72,32.63,0.72
6.29,35.56,-0.24
-8.96,33.71,0.87
-0.99,34.65,0.35
2.31,-47.97,14.18
1.08,37.95,-0.75
-12.13,33.41,1.16
-8.18,34.91,0.62
-3.25,35.80,0.20
3.34,34.97,0.22
-0.03,36.03,0.07
-1.62,38.65,-0.76
21.44,26.73,2.13
6.13,33.51,0.63
-12.38,37.51,0.12
-10.68,35.77,0.56
19.41,29.85,1.30
-11.48,39.50,-0.57
-6.92,36.58,0.25
2.58,-46.84,12.42
8.93,33.05,0.78
-0.51,-48.76,13.40
-2.47,-48.71,12.93
12.44,33.09,0.70
10.44,29.27,1.90
-8.51,39.31,-0.37
15.00,26.68,2.61
17.08,25.76,2.83
18.55,27.54,2.33
17.19,30.62,1.50
12.38,28.78,2.24
11.45,30.97,1.69
14.35,31.52,1.59
15.23,29.48,2.27
13.38,30.43,2.13
